{
  "data": [
    {
      "title": "Bagaimana cara untuk melaporkan bug?",
      "description": "Anda dapat melaporkan bug dengan membuka isu di [Github Issue Center](https://github.com/YTVanced/Vanced#vanced-issue-center).\n\nPastikan Anda melihat isu yang sudah ada untuk memeriksa apakah masalah Anda sudah terlebih dahulu dilaporkan sebelum membuka isu Anda!",
      "fields": [
        {
          "title": "Kapan isu saya akan ditinjau?",
          "content": "Developer membagi waktu mereka untuk membuat fitur baru dan memperbaiki banyak masalah dan hal tersebut dapat memakan waktu untuk dilakukan.\nAnda hanya perlu duduk rapi dan menunggu. Isu Anda akan ditinjau secepat mungkin."
        },
        {
          "title": "Bagaimana cara saya mengambil logcat?",
          "content": "Untuk pengguna non-root:\nAnda akan memerlukan komputer untuk mengambil output `logcat`. Berikut adalah [teks petunjuk](https://github.com/YTVanced/Vanced#creating-a-logcat-using-the-android-debug-bridge-adb-on-your-pc) dan [video petunjuk](https://youtu.be/ICLpwgsJJP0).\n\nUntuk pengguna root:\nAnda tidak memerlukan komputer untuk ini, mohon untuk mengikuti [instruksi](https://github.com/YTVanced/Vanced#creating-a-logcat-using-termux-on-your-rooted-android)."
        },
        {
          "title": "Apakah bug Anda berkaitan dengan UI?",
          "content": "Untuk bug yang berkaitan dengan UI, Anda membutuhkan langkah tambahan yang perlu di ambil.\n\nMohon unduh dan atur [Developer Assistant](https://play.google.com/store/apps/details?id=com.appsisle.developerassistant).\nSetelah itu, pergi ke Vanced dan reproduksi bug tersebut, lalu buka Layout viewer dengan membuka Developer Assistant.\n\nSekarang ikuti langkah berikut:\n1. Pastikan bug ada di layar Anda.\n2. Tekan pada elemen yang Anda kira terpengaruh dengan bug tersebut.\n3. Pergi ke bagian `Element` dan `Hierarchy` dan screenshot output.\n4. Masukkan screenshot tersebut pada isu Anda."
        }
      ]
    }
  ]
}
