{
  "data": [
    {
      "title": "Vanced",
      "description": "YouTube Vanced は YouTube のより良いバージョンを目指しています。広告ブロック、ダークテーマ、その他多くの機能を備えています。Vanced Manager を使用して、比較的簡単に YouTube Vanced をインストールできます。"
    },
    {
      "title": "Vanced Music",
      "description": "YouTube Music Vanced の目的は YouTube Vanced と同じですが、このアプリは YouTube 上の音楽に焦点を当てています。Vanced に比べて機能は比較的少ないですが、YouTube Vanced Music にも広告ブロックやバックグラウンド再生のような期待される多くの機能が搭載されています。"
    },
    {
      "title": "YouTube Vanced の主な特徴",
      "description": "- ライトテーマに加えて、有機 EL に最適なブラックテーマとダークグレーテーマを搭載\n- すべての広告をブロック\n- バックグラウンド再生やピクチャーインピクチャー（PiP）（Android 8 以上で利用可能）\n- 上下のスライドで明るさと音量を調節するスワイプコントロール\n- ループ再生が可能なオートリピート\n- コメント位置 / タブレット ミニプレイヤーを設定して古いバージョンの外観を再現することもできます（バグを含みます）"
    },
    {
      "title": "カスタマイズ",
      "description": "- 古いデバイスには H264 を、 HDR 再生を強制したい場合は VP9 を、映画のような体験のために 60fps をオフにすることもできます。（これらの機能をデバイスに設定するには、[Discord サーバー](https://discord.gg/Vanced)または XDA をご覧ください）\n- 画質を必要に応じて高または低に設定したり、4K 再生のためにデバイスの画質を上書きすることもできます。また、再生スピードを 0.25x から 2x の任意の数値に設定できます。（デバイスの性能に依存します）\n- ホーム広告や様々な UI 広告、関連商品の広告、コミュニティの投稿、プロモーション動画、コンパクト バナー（COVID-19 情報など）、コメント欄、コンパクト動画、ムービー棚などを削除するか選択できます！"
    },
    {
      "title": "SponsorBlock",
      "description": "- スポンサーセグメント（[YouTuber](https://en.wikipedia.org/wiki/YouTuber) による動画中のサービスや製品の紹介）をスキップする機能\n- イントロやアウトロ、自己紹介もスキップできます。\n- [こちら](https://sponsor.ajay.app)の API を使用しています。機能の詳しい説明をご覧いただけます。\n- また、独自のセグメントを API に送信して、より広いコミュニティに貢献することもできます。\n- セグメントのカテゴリごとに自動的にスキップするか、スキップボタンを表示するか、スキップしないかをコントロールできます。\n- セグメントのカテゴリごとにタイムラインに特定の色で強調表示します。"
    },
    {
      "title": "プラットフォーム",
      "description": "アプリは Android デバイスで利用可能です。ほかのプラットフォームでサポートする予定は現在ありません"
    },
    {
      "title": "Root と非 Root の違い",
      "description": "#### Root:\nVanced の root 版は、公式の YouTube アプリをシームレスに置き換えます。リンクをタップしたり、Google アシスタントを使用して改造版の Vanced アプリで YouTube を開くことができます。\n\n#### Non-Root:\n- デバイスで root 権限を取得できない場合や、毎日使うデバイスで root 権限を取得したくない場合、non-root 版をお選びください。\n- non-root 版のパッケージ名は公式 YouTube アプリとは異なるため、共存できます。  YouTube / Googleアカウントでログインするには、Vanced microG をインストールする必要があります。\n- さらに、YouTube リンクを開くためのデフォルトアプリとして Vanced を手動で設定する必要があります。\n- ただし、non-root 版はインストールして使いはじめるのは簡単であるため、公式 YouTube アプリを完全に置き換える必要がない限り、non-root 版を使用することをお勧めします。"
    }
  ]
}
