{
  "data": [
    {
      "title": "Cum să raportezi problemele?",
      "description": "Puteți raporta erorile creând probleme pe [Github Issue Center](https://github.com/YTVanced/Vanced#vanced-issue-center).\n\nAsigură-te că vei cauta printre problemele existente pentru a verifica dacă problema ta a fost deja raportată înainte de a deschide o alta!",
      "fields": [
        {
          "title": "Când va fi revizuită problema mea?",
          "content": "Dezvoltatorii își rezervă timpul pentru a crea noi caracteristici și pentru a rezolva multe probleme și fiecare poate dura ceva timp pentru a termina. \nTrebuie doar să aștepți. Problema ta va fi revizuită cât mai curând posibil."
        },
        {
          "title": "Cum pot creea un logcat?",
          "content": "Pentru utilizatorii non-root:\nVei avea nevoie de un calculator pentru a lua ieșiri `logcat`. Iată un [ghid text](https://github.com/YTVanced/Vanced#creating-a-logcat-using-the-android-debug-bridge-adb-on-your-pc) și un [ghid video](https://youtu. e/ICLpwgsJP0).\n\nPentru utilizatorii root:\nNu ai nevoie de un PC pentru aceasta, te rugăm să urmezi [instrucțiunile](https://github.com/YTVanced/Vanced#creating-a-logcat-using-termux-on-your-rooted-android)."
        },
        {
          "title": "Problema ta este legata interfață?",
          "content": "Pentru erori legate de interfață, veți avea pași suplimentari.\n\nVă rugăm să instalați și să configurați [Asistent pentru dezvoltatori](https://play.google.com/store/apps/details?id=com. ppsisle.developerassistant).\nDupă aceea, mergeți la Vanced și reproduceți eroarea, apoi deschideți vizualizatorul de Layout prin declanșarea Asistentului de Dezvoltare.\n\nAcum urmați acești pași:\n1. Asigurați-vă că eroarea arată pe ecran.\n2. Apasă pe elementul care crezi că este afectat de erori.\n3. Mergeți la filele `Element` și `Ierarhie` și capturați datele de pe ecran.\n4. Includeți aceste capturi de ecran în problema dvs."
        }
      ]
    }
  ]
}
