{
  "data": [
    {
      "title": "Як повідомити про помилки?",
      "description": "Ви можете повідомляти про помилки, використовуючи наш [Центр помилок на GitHub](https://github.com/YTVanced/Vanced).\n\nОбов'язково прочитайте README і перевірте, чи була ваша помилка вже повідомлена, перш ніж повідомляти про помилку!",
      "fields": [
        {
          "title": "Коли моє звернення буде розглянуто?",
          "content": "Розробники розділяють свій час на створення нових функцій і вирішення багатьох проблем, і будь-яка з цих дій може зайняти деякий час.\nВам потрібно трішки почекати. Ваше питання буде розглянуто якнайшвидше."
        },
        {
          "title": "Як мені зробити logcat?",
          "content": "Для користувачів без root:\nВам знадобиться комп'ютер для отримання висновку `logcat`. Ось [текстове керівництво](https://github.com/YTVanced/Vanced#creating-a-logcat-using-the-android-debug-bridge-adb-on-your-pc) і [відео керівництво](https://youtu.be/ICLpwgsJJP0).\n\nДля користувачів з root:\nВам не потрібен ПК для цього, будь ласка, дотримуйтесь [інструкції](https://github.com/YTVanced/Vanced#creating-a-logcat-using-termux-on-your-rooted-android)."
        },
        {
          "title": "Ваша помилка пов'язана з інтерфейсом?",
          "content": "Для помилок, пов'язаних з інтерфейсом, вам потрібно виконати додаткові кроки.\n\nБудь ласка, встановіть і налаштуйте [Developer Assistant](https://play.google.com/store/apps/details?id=com.appsisle.developerassistant).\nПісля цього перейдіть в Vanced і відтворіть помилку, потім відкрийте засіб перегляду шару, запустивши помічник розробника.\n\nТепер виконайте наступні дії:\n1. Переконайтеся, що помилка відображається на екрані.\n2. Натисніть на елемент, який, на вашу думку, є помилкою.\n3. Перейдіть на вкладку `Element` і` Hierarchy` та зробіть скріншот.\n4. Вставте ці скріншоти до вашої заявки на виправлення помилки."
        }
      ]
    }
  ]
}
