{
  "data": [
    {
      "title": "Vanced",
      "description": "YouTube Vanced 旨在成为一个更好的 YouTube。其包含广告拦截、黑色主题以及更多。 使用 Vanced Manager 以更方便地安装 YouTube Vanced。"
    },
    {
      "title": "Vanced Music",
      "description": "Vanced Music 与 YouTube Vanced 目的相同，但这个应用的重点是 YouTube Music。与 Vanced 相比，其功能相对较少，但仍可以满足您的期望，例如广告拦截和背景播放，皆在 YouTube Music 中！"
    },
    {
      "title": "YouTube Vanced 主要功能",
      "description": "- 适合 OLED 屏幕的黑色主题\n- 屏蔽所有广告\n- 允许您在后台或画中画模式下播放视频（仅适用于 Android 8 或以上）\n- 滑动控制允许您使用上下手势（可配置边距）控制亮度和音量\n- 自动循环功能允许您重复播放视频\n- 新版评论/迷你播放器布局可以切换到与旧版本非常相似的平板版本（尽管略有错误）"
    },
    {
      "title": "个性化",
      "description": "- 允许您覆盖编解码器选项，如在旧设备上强制使用 H264 或 VP9。如果您喜欢电影体验，也允许您强制 HDR 播放或关闭 60 FPS。 (可在我们的 Discord 或 XDA 上找到这些功能的自定义设备配置）\n- 将默认视频画质强制更改为任意大小，甚至可以覆盖您的屏幕分辨率，在任意设备上播放 4K。 它还允许您将默认播放速度更改为从 0.25 倍到 2 倍之间的任何倍数（假如您的设备足够强大）\n- 允许您开关主页广告、大多数界面广告、商品广告、社区帖子、电影推广、紧凑横幅信息（例如新冠疫情信息）、完全移除评论、紧凑电影布局、移除电影列表、以及更多！"
    },
    {
      "title": "SponsorBlock",
      "description": "- 具有跳过赞助片段（视频中间宣传赞助商品的部分）的能力\n- 它也支持跳过其他类别的片段，如开头、结尾和自我宣传。\n- 使用[这里](https://sponsor.ajay.app)提供的 API。 您可以找到更多关于它如何工作的信息\n- 它还允许您将自己的片段提交到 API 并为更广泛的社区做出贡献\n- 完全控制是否自动跳过一个片段类别或显示一个跳过按钮， 或者根本不跳过。\n- 根据播放时间段中的类别以特定颜色突出显示片段。"
    },
    {
      "title": "平台",
      "description": "此应用目前仅存在于 Android，并且暂时不计划支持任何其他平台。"
    },
    {
      "title": "Root 版与非 Root 版之间的区别",
      "description": "#### Root 版：\n可以无缝取代官方 YouTube 应用的 Root 版。因此，您可以直接打开 YouTube 链接，或通过 Google 助理打开 Vanced。\n\n#### 非 Root版：\n- 如果您的设备难以 Root，或者您根本不想 Root 您的常用手机，您应该选择非 Root 版本。\n- 由于非 Root 版的应用包名不同于官方 YouTube 应用，它们可以共存。 请注意，您需要安装一个附加的配套应用（Vanced microG）才能登录您的 YouTube/Google 帐户。\n- 此外，您必须手动设置 Vanced 为默认打开 YouTube 链接的应用程序。 \n- 然而，非 Root 版更易于使用，所以我们建议您使用非 Root 版，除非您真的需要替换您手机上的原版 YouTube 应用。"
    }
  ]
}
