{
  "data": [
    {
      "title": "Com puc reportar errors?",
      "description": "Podeu reportar errors creant assumptes al nostre [Centre d'Assumptes de GitHub](https://github.com/YTVanced/Vanced#vanced-issue-center).\n\nAssegureu-vos de fer un cop d'ull als assumptes existents per a comprovar si el vostre problema ja ha estat reportat abans d'obrir-ne el vostre!",
      "fields": [
        {
          "title": "Quan serà revisat el meu assumpte?",
          "content": "Els desenvolupadors inverteixen el seu temps creant noves característiques i solucionant força problemes i cadascun pot trigar cert temps a acabar-se.\nCal que espereu pacientment. El vostre assumpte serà revisat tan aviat com sigui possible."
        },
        {
          "title": "Com faig un logcat?",
          "content": "For non-root users:\nYou will need a PC to take `logcat` outputs. Here is a [text guide](https://github.com/YTVanced/Vanced#creating-a-logcat-using-the-android-debug-bridge-adb-on-your-pc) and a [video guide](https://youtu.be/ICLpwgsJJP0).\n\nFor root users:\nYou don't need a PC for this, please follow [the instructions](https://github.com/YTVanced/Vanced#creating-a-logcat-using-termux-on-your-rooted-android)."
        },
        {
          "title": "El vostre error està relacionat amb la interfície?",
          "content": "For UI-related bugs, you will have extra steps to take.\n\nPlease install and setup [Developer Assistant](https://play.google.com/store/apps/details?id=com.appsisle.developerassistant).\nAfter that, go to Vanced and reproduce the bug, then open the Layout viewer by triggering the Developer Assistant.\n\nNow follow these steps:\n1. Make sure the bug is showing on the screen.\n2. Tap on the element that you think is affected by the bug.\n3. Go to the `Element` and `Hierarchy` tabs and screenshot the outputs.\n4. Include those screenshots in your issue."
        }
      ]
    }
  ]
}
