{
  "data": [
    {
      "title": "Как сообщить об ошибках?",
      "description": "Вы можете сообщать о ошибках создавая запросы, на нашем [GitHub Issue Center](https://github.com/YTVanced/Vanced#vanced-issue-center).\n\nПрежде чем создавать свой запрос, обязательно проверьте существующие запросы, вдруг о проблеме уже сообщили!",
      "fields": [
        {
          "title": "Когда будет просмотрен мой запрос?",
          "content": "Разработчики выделяют свое время на создание новых функций и решение многих проблем, и любое из этих действий может занять некоторое время. \nВам нужно немножко подождать. Ваш вопрос будет рассмотрен как можно скорее."
        },
        {
          "title": "Как мне сделать logcat?",
          "content": "Для пользователей без root:\nВам понадобится компьютер для получения вывода `logcat`. Вот [текстовое руководство](https://github.com/YTVanced/Vanced#creating-a-logcat-using-the-android-debug-bridge-adb-on-your-pc) и [видео руководство](https://youtu.be/ICLpwgsJJP0).\n\nДля root пользователей:\nВам не нужен ПК для этого, пожалуйста следуйте [инструкции](https://github.com/YTVanced/Vanced#creating-a-logcat-using-termux-on-your-rooted-android)."
        },
        {
          "title": "Ваша ошибка связана с ПИ?",
          "content": "Для ошибок, связанных с интерфейсом, вам предстоит выполнить дополнительные шаги.\n\nПожалуйста, установите и настройте [Помощник разработчика](https://play.google.com/store/apps/details?id=com. ppsisle.developerassistant).\nПосле этого перейдите в Vanced и воспроизведите ошибку, затем откройте средство просмотра макета, запустив помощник разработчика.\n\nТеперь выполните следующие действия:\n1. Убедитесь, что ошибка отображается на экране.\n2. Нажмите на элемент, который, по вашему мнению, затронут ошибкой.\n3. Перейдите на вкладку `Элементы` и `Иерархия` и сделайте скриншот.\n4. Вставьте эти скриншоты в вашу заявку на исправление ошибки."
        }
      ]
    }
  ]
}
