{
  "data": [
    {
      "title": "Como relatar problemas?",
      "description": "Você pode relatar bugs criando issues em nosso [Github Issue Center](https://github.com/YTVanced/Vanced#vanced-issue-center).\n\nCertifique-se de examinar as issues existentes para verificar se o seu problema já foi relatado antes de abrir o problema!",
      "fields": [
        {
          "title": "Quando meu problema será analisado?",
          "content": "Os desenvolvedores poupam seu tempo para criar novos recursos e corrigir vários problemas e cada um pode levar um tempo para terminar. \nVocê precisa se sentar e esperar. Sua issue será revisada o mais rápido possível."
        },
        {
          "title": "Como faço para fazer um logcat?",
          "content": "For non-root users:\nYou will need a PC to take `logcat` outputs. Here is a [text guide](https://github.com/YTVanced/Vanced#creating-a-logcat-using-the-android-debug-bridge-adb-on-your-pc) and a [video guide](https://youtu.be/ICLpwgsJJP0).\n\nFor root users:\nYou don't need a PC for this, please follow [the instructions](https://github.com/YTVanced/Vanced#creating-a-logcat-using-termux-on-your-rooted-android)."
        },
        {
          "title": "Seu erro é relacionado à IU (interface de usuário)?",
          "content": "Para erros relacionados a IU, você terá passos extras a fazer.\n\nPor favor, instale e configure o [Assistente de Desenvolvedor](https://play.google.com/store/apps/details?id=com.appsisle.developerassistant).\nDepois disso, vá para o Vanced e reproduza o bug, então abra o visualizador de layout ativando o Assistente de Desenvolvedor.\n\nAgora siga estes passos:\n1. Certifique-se de que o bug esteja exibido na tela.\n2. Toque no elemento que você acha que é afetado pelo erro.\n3. Vá para as guias `Element` e `Hierarquia` e capture as informações fornecidas.\n4. Inclua essas capturas de tela no seu problema."
        }
      ]
    }
  ]
}
