{
  "data": [
    {
      "title": "ما هو يوتيوب ڤانسد؟",
      "description": "يوتيوب ڤانسد هو نسخة معدلة من يوتيوب مع ميزات إضافية لجعل تجربتك على يوتيوب أفضل!\n\n تشمل هذه الميزات: -\n - التشغيل في الخلفية\n- صورة داخل صورة (PiP)\n- مظهر أسود (متوافق مع شاشة أُوليد)\n- إزالة الإعلانات (يتطلب تفعيل من الإعدادات)\n- تجاوز الدقة القصوى (السماح بتشغيل الفيديو بدقة أعلى من الشاشة)\n- وأكثر بكثير!\n\n لمزيد من المعلومات ، قم بزيارة <https://vancedapp.com>"
    },
    {
      "title": "أين زر التنزيل؟",
      "description": "بالطبع ، لن تسمح غوغل بوجود نسخة معدلة من التطبيق الخاص بها في متجرها ، لذا لا تبحث عنها في متجر غوغل ، فهذه تطبيقات مزيفة.\n\n يمكن تنزيل تطبيقات يوتيوب ڤانسد وتثبيته بإستخدام مدير ڤانسد الذي يمكن العثور عليه على موقعنا الرسمي: <https://vancedapp.com> ولكن يمكنك أيضًا الحصول عليه من [GitHub repo] (https://github.com/YTVanced/ VancedManager / جميع الإصدارات/الأحدث)."
    },
    {
      "title": "هل يقوم يوتيوب ڤانسد بالتحديث تلقائياً؟",
      "description": "لا ، هذا غير ممكن حالياً.\n\n سيرسل لك مدير فانسد إشعاراً عندما يكون هنالك تحديث.\n\n يمكنك أيضاً الإنضمام إلى [سيرفر دسكورد] (https://discord.gg/Vanced) أو متابعة [قناة التيليكرام] (https://t.me/Vanced) للحصول على آخر الأخبار وإشعارات التحديث أيضاً."
    },
    {
      "title": "هل يمكن ليوتيوب ڤانسد تنزيل مقاطع الفيديو؟",
      "description": "لا يتضمن يوتيوب ڤانسد أي ميزة لتنزيل الفيديو ولن نفعل ذلك أبداً.\n\nالعديد من مقاطع الفيديو متوفرة للتنزيل مجاناً في [بلدان محددة] (https://support.google.com/youtube/answer/6141269).\n بالنسبة لبقية العالم ، يرجى الحصول على يوتيوب بريميوم.\n\n مرة أخرى ، لن يقوم فريق يوتيوب ڤانسد أبداً بإضافة أداة تنزيل فيديو إلى التطبيق أو أي شيء مشابه.\n\n كان هذا هو سبب إغلاق العديد من تعديلات يوتيوب في الماضي لأن غوغل لا تحب الأشخاص الذين يقومون بتنزيل محتوى محمي بحقوق الطبع والنشر من نظامهم الأساسي، لهذا فضلاً لا تسأل عن هذه الخاصية."
    },
    {
      "title": "لماذا لا تعمل إيماءات السحب ؟",
      "description": "إذا كانت لديك التعليقات معروضة في الجزء السفلي (المكان القديم) في إعدادات ڤانسد> إعدادات العرض (Layout)، فقم بتعطيلها وأعد تشغيل التطبيق. إذا لم يفلح ذلك ، فقم بإيقاف التطبيق ومسح بياناته."
    },
    {
      "title": "التسميات التوضيحية غير متوفرة؟",
      "description": "هذه ليست مشكلة متعلقة بـ فانسد أو يوتيوب. لا تحتوي كل مقاطع الفيديو على تسميات توضيحية."
    },
    {
      "title": "هل تقومون باستقبال التبرعات؟",
      "description": "نحن لا نقبل التبرعات!\n\n أي نوع من التبرعات تحت أي ظرف من الظروف وأي مواقع أو روابط أو منشورات تطلب تبرعات هي ببساطة وهمية.\n\n ولكن إذا كنت تريد دعم مطوري فانسد ، فيمكنك تنزيل متصفح Brave بإستخدام [هذا الرابط] (https://brave.com/kev231) و AdGuard بإستخدام [هذا الرابط] (https://adguard.com/en/welcome.html?aid=31141)."
    },
    {
      "title": "كيف أجعل مظهر مشغل العرض يختفي تلقائياً؟",
      "description": "يمكنك تهيئته في يوتيوب ڤانسد > الإعدادات> إمكانية الوصول.\n إذا فشلت الإعدادات في الفتح أو لم تعمل ، فانتقل إلى إعدادات إمكانية الوصول في جهازك وقم بتعطيل مضخم الصوت ، وتبديل الوصول ، والترجمة (النصوص) المباشرة."
    },
    {
      "title": "لماذا تستخدمون حزم تثبيت منفصلة؟",
      "description": "لأن:\n1. التطبيق الأساسي يستخدمها لذلك ڤانسد يستخدمها أيضاً.\n2. يقوم فقط بتثبيت اللغات التي تحددها لتقليل استهلاك التخزين.\n 3. يحتوي على الإصدار الوحيد من حزم التثبيت الأساسي الذي يتطلبه جهازك. بالطبع.\n\n يمكن لمدير فانسد أو المطورين تحويله إلى حزمة تثبيت واحدة، لكننا كسولون جداً للقيام بذلك. تحتاج فقط إلى التوافق مع ما لدينا... \n\nلا تقلق على الرغم من ذلك ، يقوم مدير ڤانسد بكل العمل الشاق من أجلك،لذا فقط انقر فوق زر\"تثبيت\"."
    },
    {
      "title": "لماذا لا يتطابق اللون الموجود في شاشة بدء التشغيل مع السمة؟ ",
      "description": "يتم أخذ لون خلفية شاشة بدء التشغيل من لون إطار عمل أندرويد للتأكد من أنه يتغير وفقاً لنمط النظام. يمكنك إستخدام [Substratum] (https://play.google.com/store/apps/details؟id=projekt.substratum) أو [Swift Installer] (https://play.google.com/store/apps/details ؟ id = com.brit.swiftinstaller) أو تطبيق مشابه لتغيير اللون."
    },
    {
      "title": "هل يجب علي إعادة تنزيل ملفات التثبيت؟",
      "description": "يمكن أن تتلف الملفات لأسباب مختلفة ويمكن أن تسبب مشاكل بعد ذلك. لتجنب ذلك ، يمكنك اختيار تنزيلها مرة أخرى لضمان سير عملية التثبيت بسلاسة."
    },
    {
      "title": "لماذا لا يحتوي إصدار الروت على إذن الميكروفون؟ ",
      "description": "يحدث هذا إذا كان يوتيوب فانسد الخاص بك محدثاً."
    },
    {
      "title": "ما هو مشغل ExoPlayer v1؟",
      "description": "إنه نسخة قديمة من مشغل الوسائط الحالي الذي يستخدمه يوتيوب. قد تحصل على أداء واستقرار أفضل عند استخدامه."
    },
    {
      "title": "كيف يمكنني تفعيل الإعدادات المخفية؟",
      "description": "في إعدادات يوتيوب فانسد، انقر فوق قسم \"حول\" 6-7 مرات لتمكينه. هذا فقط يُمَكّنك من استخدام إعدادات ترميز إضافية للفيديو."
    },
    {
      "title": "كيف أجعل YouTube Vanced تطبيقًا افتراضيًا؟",
      "description": "كما يقول العنوان ، كان الكثير من المستخدمين يسألون عدة مرات كيف يمكنهم جعل YouTube Vanced افتراضيًا لفتح روابط YouTube من تطبيقات أخرى (مثل المتصفحات وتطبيقات المراسلة وأي تطبيق آخر).\n\nبالنسبة إلى الروت، لا داعي للقلق لأنه تم تعيينه افتراضيًا بالفعل حيث يتم استبدال اليوتيوب العادي بنسختنا المحسنة\nبالنسبة للمستخدمين بدون الروت ، تم تقسيم الحلول بين OneUI و MIUI والباقي. لا يمكننا توفير حلول لكل نظام تشغيل موجود ، وقد تحتاج إلى استخدام Google بنفسك.",
      "fields": [
        {
          "title": "مستخدمو OneUI:",
          "content": "1. اضغط لفترة على يوتيوب أو أيقونة تطبيق يوتيوب Vanced من درج التطبيق الخاص بك.\n2. انقر فوق **معلومات التطبيق**.\n3. ابحث عن \"**تعيين افتراضي**\" وانقر عليها\n4. انقر فوق \"**فتح الروابط المدعومة**\" واختر \"**فتح في هذا التطبيق**\"\n\nفي الإصدارات القديمة من OneUI وقد يكون اسم الخيارات في الخطوة الرابعة مختلفا بعض الشيء. قد تحتاج إلى النقر على \"**اذهب إلى عناوين URL المدعومة**\" واختر \"**في هذا التطبيق**\".\nفي الإصدار القديم من OneUI 💩, قد تحتاج إلى الذهاب إلى **إعدادات** > **تطبيقات** > *[اضغط على ثلاث نقاط في الزاوية اليمنى]* > **التطبيقات الافتراضية** > **تعيين كافتراضي**. بعد تحميل التطبيقات العثور على YouTube Vanced أو YouTube واتبع الخطوة الرابعة..."
        },
        {
          "title": "مستخدمو MIUI:",
          "content": "1. افتح الإعدادات\n2. ادخل على التطبيقات ،\n3. ** إدارة التطبيقات ** ،\n4. ثم ، انقر على النقاط الثلاث في الزاوية اليمين ،\n5. ** التطبيقات الافتراضية ** ،\n6. ** فتح الروابط **.\n7. انتظر حتى يتم إدراج جميع تطبيقاتك…\n8. ابحث عن YouTube Vanced واضغط عليه.\n9. انقر على \"** فتح الروابط المدعومة **\" واختر \"** فتح **\""
        },
        {
          "title": "AOSP وواجهة مستخدم مخصصة أخرى (OOS و ColorOS و EMUI وما إلى ذلك):",
          "content": "1. افتح ** الإعدادات **\n2. انتقل إلى ** التطبيقات **\n3. انقر على ** التطبيقات الافتراضية **\n4. ابحث عن ** YouTube ** أو ** YouTube Vanced **\n5. انقر على \"** انتقل إلى عناوين URL المدعومة **\" واختر خيار \"** افتح في هذا التطبيق **\"\n\nإذا كنت لا تزال تواجه مشكلة في هذا الأمر ، فقد تحتاج إلى البحث في بعض المقالات / مقاطع الفيديو \"كيفية\" على [Google] (https://www.google.com/search?q=%22android%22+how+to+open+youtube+links+with+youtube) أو يمكنك تثبيت تطبيق جهة خارجية من [متجر Play] (https://play.google.com/store/search?q=open%20with) لإنقاذك من هذه المتاعب…"
        }
      ]
    },
    {
      "title": "لماذا لا يعمل الروت مع الـ MicroG الرئيسي؟ ",
      "description": "1. يجب أن يكون لديك على الأقل نسخة [pico](https://github.com/opengapps/opengapps/wiki/Pico-Package) من GApps لتشغيل Vanced.\n\n2. لا يمكنك تشغيل Vanced مع نواة microG بدون بنية خدمات Google Play المتوفر في جميع حزم GApps وهي حزمة مطلوبة.\n\n3. إذا كنت قلقًا بشأن خصوصيتك ولا تريد استخدام GApps ولكنك لا تزال ترغب في استخدام مشاهدة YouTube بدون إعلانات ، فإن [إصدار الويب] (https://youtube.com) متاح دائمًا."
    },
    {
      "title": "لماذا لا يعمل البث؟",
      "description": "للمستخدمي v16.16.38 وكل نسخ الغير مروتة والنسخ المروتة التي تستخدم ROMS تستند على MicroG للعمل ، هناك خلل في MicroG الأساسي. إلى أن يتم حل هذه المشكلة، يرجى الانتظار للحصول على التحديثات أو العودة إلى إصدار v15. إذا كنت تستخدم خدمات Google Play مع النسخ المروتة ، فلن يكون لديك أي مشاكل في البث."
    },
    {
      "title": "ما هو توقيع APK؟",
      "description": "أنت تقرأ هذا لأنك لا تستخدم Vanced Manager أو ربما تكون قد قمت بتثبيت Vanced من مصدر غير رسمي.\nفقط استخدم Vanced Manager!\nيمكنك تنزيل Vanced Manager بأمان من:\n\n- [الموقع الرسمي] (https://vancedapp.com)\n\n- [مستودع GitHub] (https://github.com/YTVanced/VancedManager/releases/latest)"
    },
    {
      "title": "هل YouTube Vanced على متجر Play؟",
      "description": "لا!\nمرة أخرى ، لا تقم بتثبيت أو حتى محاولة البحث عن أي تطبيقات مزيفة تسمى \"YouTube Vanced\" أو ما شابه ذلك على متجر Play أو أي متاجر تطبيقات لتثبيت Vanced.\n\nلدينا فقط [دليل Vanced] (https://play.google.com/store/apps/details?id=com.vanced.faq) ، وهو التطبيق الرسمي الوحيد المنشور على متجر Play.\n\nإذا وجدت أي تطبيق آخر يحمل رمزنا واسمنا ، فأبلغ عنه على أنه انتحال للهوية وأعطه مراجعة سيئة\n\nلا يمكن العثور على تطبيقاتنا إلا على [الموقع الرسمي] (https://vancedapp.com)."
    },
    {
      "title": "لماذا لا يظهر Vanced في الشاشة الرئيسية أو درج التطبيقات؟",
      "description": "أنت تقرأ هذا لأنك لا تستخدم Vanced Manager أو ربما تكون قد قمت بتثبيت Vanced من مصدر غير رسمي.\nفقط استخدم Vanced Manager!\n\nيمكنك تنزيل Vanced Manager بأمان من:\n- الموقع الرسمي <https://vancedapp.com>\n- [مستودع GitHub] (https://github.com/YTVanced/VancedManager/releases/latest)"
    },
    {
      "title": "لماذا مقاطع الفيديو لا تعمل؟",
      "description": "حاول إعادة تشغيل التطبيق. قد يكون ذلك أيضاً بسبب اتصالك بالإنترنت أو جهازك."
    },
    {
      "title": "لماذا لدي الحد الأقصى هو 480p ؟",
      "description": "بسبب COVID-19 ، تقيد Google استخدام البيانات في العديد من البلدان. يحدث هذا على الخادم ويؤثر على مستخدمي YouTube Vanced و يوتيوب الأصلي.",
      "fields": [
        {
          "title": "الحلول:",
          "content": "1. الإتصال بشبكة VPN من منطقة مختلفة.\n2. إستخدام [إصدار الويب] (https://youtube.com)\n3. نظراً لأن تقييد 480p مخصص للهواتف فقط وليس للأجهزة اللوحية ، يمكنك تغيير طراز الجهاز في YouTube Vanced للتغلب على التقييد.\n\n#### كيفية تغيير طراز الجهاز؟\n1. إفتح YouTube Vanced.\n2. إذهب إلى الإعدادات\n3. اضغط على \"إعدادات Vanced\"\n4. تمكين الإعدادات المخفية:\n  - قم بالتمرير لأسفل وانقر على قسم \"حول\" 6-7 مرات حتى تحصل على رسالة تقول \"تم تمكين الإعدادات المخفية\".\n5. انتقل إلى \"تجاوز برنامج الترميز\"\n6. قم بتعيين الشركة المصنّعة على \"Samsung\" والطراز على\"SM-T865\".\n7. أعد تشغيل التطبيق.\n\nبعد إعادة التشغيل ، يجب أن يختفي حد 480p."
        }
      ]
    },
    {
      "title": "كيف تخفي إشعار microG؟",
      "description": "لإخفاء إشعار microG،\n\n1. يمكنك تعطيل تحسين البطارية لـ Vanced microG وإعادة تشغيل جهازك.\n\n2. إذا لم تنجح الطريقة المذكورة أعلاه ، فقم بتعطيل إشعارات microG بالضغط على الإشعار ، وقم بإيقاف تشغيله وانقر فوق \"حفظ\".\n\n> يمكن تعطيل إشعارات التطبيق بطرق مختلفة اعتمادًا على واجهة مستخدم الأندرويد. إذا كنت لا تعرف كيفية تعطيله ، فحاول استخدام Google لمعرفة كيفية تعطيله."
    },
    {
      "title": "هل تبدو دقة 1440p أفضل على شاشتي التي بدقة 1080p؟",
      "description": "نعم ، ولكن فقط إذا كانت نسبة الفيديو مثل 18:9 ، 21:9 ، ... يمكنك تمكين \"إحصائيات المهووسين\" في: الإعدادات> عام؛ للتأكد. \n\nلتمكين دقة أعلى ، انتقل إلى إعدادات Vanced> إعدادات الفيديو وقم بتشغيل \"الدقة القصوى\" ثم أعد تشغيل التطبيق."
    }
  ]
}
