{
  "data": [
    {
      "title": "כיצד לדווח על תקלות?",
      "description": "אפשר לדווח על באגים על ידי יצירת 'issues' [ב־'Github Issue Center's] שלנו\n(https://github.com/YTVanced/Vanced#vanced-issue-center).\n\nלפני פתיחת ה־'Issue' שלכם, בדקו ליתר ביטחון בשאר ה־'Issues' הקיימים למקרה שהבעיה שלכם כבר דווחה!",
      "fields": [
        {
          "title": "מתי הדיווח שלי ייבדק?",
          "content": "מפתחים נותנים מזמנם ליצירת תכונות חדשות ולתיקון בעיות רבות וכל אחד יכול לקחת זמן עד לסיום. \n אתה רק צריך לשבת ולחכות. הבעיה שלך תבדק בהקדם האפשרי."
        },
        {
          "title": "כיצד אני שומר יומן שינויים נוכחי?",
          "content": "למשתמשים ללא Root:\nתזדקקו למחשב אישי כדי להפיק יומני שינויים – \"logcat\". להלן מדריך טקסט (https://github.com/YTVanced/Vanced#creating-a-logcat-using-the-android-debug-bridge-adb-on-your-pc) ומדריך וידאו (https://youtu.be/ICLpwgsJJP0).\n\nלמשתמשים בעלי Root:\nאתם לא צריכים מחשב בשביל זה. תוכלו פשוט לעקוב אחר ההוראות כאן: https://github.com/YTVanced/Vanced#creating-a-logcat-using-termux-on-your-rooted-android."
        },
        {
          "title": "התקלה שלך קשורה לממשק המשתמש?",
          "content": "עבור תקלות הקשורות בממשק המשתמש, עליכם לבצע כמה צעדים נוספים.\n\nאנא התקינו את Developer Assistant לפי המדריך הבא – https://play.google.com/store/apps/details?id=com.appsisle.developerassistant.\nלאחר מכן, עברו אל YouTube Vanced והעתיקו את הדיווח על התקלה, ולאחר מכן פתחו את מציג הפריסה על ידי הפעלת Assistant Developer.\n\nבצעו את השלבים הבאים:\n1. ודאו שהתקלה מופיעה על המסך.\n2. הקישו על האלמנט שלדעתכם מושפע כתוצאה מהתקלה.\n3. עברו לכרטיסיות 'אלמנט' ו'היררכיה' וצלמו מסך של חלקי הפלט.\n4. כללו את צילומי המסך בדיווח שלכם."
        }
      ]
    }
  ]
}
