{
  "data": [
    {
      "title": "מה זה YouTube Vanced?",
      "description": "YouTube Vanced הוא גרסה שונה של YouTube עם תכונות נוספות במטרה לשפר את חוויית YouTube שלך!\n\nתכונות כאלה כוללות:\n- השמעה ברקע,\n- תמונה בתוך תמונה (PiP),\n- ערכת נושא כהה (וידידותית למסכי OLED),\n- הסרת מודעות (דורשת הפעלה ידנית),\n- עקיפת רזולוציה מקסימלית (ואף השמעת אודיו בעוצמה גבוהה מהניתן),\n- ...ועוד הרבה!\n\nלמידע נוסף, בקרו ב־<https://vancedapp.com>"
    },
    {
      "title": "היכן כפתור ההורדה?",
      "description": "כמובן שגוגל לא תאפשר לגרסה שונה של האפליקציה שלה להיות בחנות שלה, אז אל תחפשו אותה בחנות Google Play. אם תמצאו משהו כזה – אלה אפליקציות מזויפות.\n\nניתן להוריד ולהתקין את האפליקציות של Vanced באמצעות Vanced Manager, אותו ניתן למצוא באתר הרשמי שלנו: <https://vancedapp.com>, אך ניתן גם להוריד אותו מה־GitHub repo שלנו, בכתובת: https://github.com/YTVanced/VancedManager/releases/latest"
    },
    {
      "title": "האם YouTube Vanced מתעדכן אוטומטית?",
      "description": "לא, הוא לא.\n\nVanced Manager ישלח לך הודעה כאשר יהיה עדכון זמין.\n\nעם זאת, ניתן להצטרף אל שרת הדיסקורד שלנו (https://discord.gg/Vanced) או לעקוב אחר ערוץ הטלגרם שלנו (https://t.me/Vanced) לקבלת החדשות האחרונות ועדכוני ההודעות גם כן."
    },
    {
      "title": "האם YouTube Vanced יכול להוריד סרטונים?",
      "description": "Vanced אינו כולל שום תכונה להורדת וידאו ולעולם לא יהיה.\n\nסרטונים רבים זמינים להורדה בחינם במדינות נבחרות (https://support.google.com/youtube/answer/6141269). עבור הנמצאים בשאר מדינות העולם, יש לכם את YouTube Premium.\n\nשוב, Vanced לעולם לא יוסיף הורדת וידאו לאפליקציה או משהו דומה לזה.\n\nזו הייתה הסיבה להורדה של יישומים רבים בהתאמה אישית של YouTube בעבר, כיוון שגוגל לא אוהבת אנשים שמורידים תוכן המוגן בזכויות יוצרים מהפלטפורמה שלה, אז בבקשה – אל תבקשו את זה!!!"
    },
    {
      "title": "למה פעולות ההחלקה לא עובדות?",
      "description": "אם מופיעות לך הערות בתחתית האפליקציה (המקום הישן שלהן), היכנס להגדרות Vanced > הגדרות פריסה, השבת זאת והפעל מחדש את האפליקציה. אם זה לא עובד, אלץ את האפליקציה לעצור ונקה את הנתונים שלה."
    },
    {
      "title": "כתוביות לא זמינות?",
      "description": "זו לא בעיה הקשורה ל־Vanced או ל־YouTube. לא בכל הסרטונים ישנן כתוביות."
    },
    {
      "title": "האם אתם מקבלים תרומות?",
      "description": "אנו לא מקבלים תרומות!\n\nכל סוג של תרומות, אתרים, קישורים או פוסטים שמבקשים תרומות הם פשוט מזויפים – היזהרו לכם!\n\nעם זאת, אם ברצונך לתמוך במפתחים של Vanced, ניתן להוריד את Brave באמצעות הקישור הזה (https://brave.com/kev231) ו/או את AdGuard באמצעות הקישור הזה (https://adguard.com/en/welcome.html?aid=31141).\n\nתודה לך!"
    },
    {
      "title": "כיצד לגרום לפריסת הנגן ולפקדי המדיה להיעלם באופן אוטומטי?",
      "description": "ניתן להגדיר זאת על ידי כניסה ל־YouTube Vanced > הגדרות > נגישות. אם לא ניתן להפעיל את ההגדרות הללו או שהן לא עובדות, עבור אל הגדרות הנגישות שבמכשיר שלך והשבת את 'מגבר הקול', 'גישה באמצעות מתג' ו/או 'כיתוב חי'."
    },
    {
      "title": "למה אתם מפצלים את קבצי ההתקנה?",
      "description": "כי:\n\n1. האפליקציה המקורית משתמשת בה ולכן Vanced צריך להשתמש בה גם.\n2. כך ניתן להתקין רק את השפות שנבחרו ולהפחית את השימוש באחסון.\n3. כך ניתן לוודא שהגרסה היחידה של קובץ ההתקנה שמותקנת היא הגרסה שליבת המכשיר שבידך דורשת.\n\nכמובן שבאפשרות Vanced Manager ו/או המפתחים להמיר אותו לקובץ APK רגיל ויחיד, אך אנו כל כך עצלנים לעשות זאת. כנראה שאתה פשוט צריך להסתדר עם מה שיש לנו...\n\nאל דאגה, Vanced Manager עושה את כל העבודה הקשה בשבילך, אז פשוט הקש על כפתור 'התקן'."
    },
    {
      "title": "למה הצבע במסך ההפעלה לא מתאים לערכת הנושא שלי? ",
      "description": "צבע הרקע של מסך ההפעלה נלקח מצבע המערכת של Android כדי לוודא שהוא משתנה בהתאם לנושא המערכת. אתה יכול להשתמש ב־Substratu (שניתן להורדה מכאן: https://play.google.com/store/apps/details?id=projekt.substratum) או ב־Swift Installer (שניתן להורדה מכאן: https://play.google.com/store/apps/details?id=com.brit.swiftinstaller) או אפליקציה דומה לשינוי הצבע בהתאם לרצונך."
    },
    {
      "title": "האם עליי להוריד מחדש את קבצי ההתקנה?",
      "description": "קבצים עשויים להינזק מסיבות שונות ועלולים לגרום לבעיות לאחר מכן. כדי להימנע מכך, תוכל לבחור להוריד את קבצי ההתקנה מחדש כדי להבטיח שהתקנתך תעבור בצורה החלקה ביותר."
    },
    {
      "title": "למה אין בגרסאת ה-Root הרשאות מיקרופון? ",
      "description": "זה סימן שה־Vanced שלך מעודכן."
    },
    {
      "title": "מה זה ExoPlayer בגרסה 1?",
      "description": "זו גרסה ישנה יותר של נגן המדיה הנוכחי בו משתמשת YouTube. ייתכן שתקבל ביצועים ויציבות טובים יותר בעת השימוש בו."
    },
    {
      "title": "כיצד להפעיל הגדרות נסתרות?",
      "description": "בהגדרות Vanced, הקש על 'אודות' 6-7 פעמים כדי לאפשר הגדרות נסתרות. תחת ההגדרות הנסתרות ישנן רק הגדרות מקודד וידאו נוספות."
    },
    {
      "title": "איך להפוך את YouTube Vanced לאפליקציית ברירת המחדל שלי?",
      "description": "כפי שנכתב בכותרת, הרבה משתמשים שאלו פעמים רבות כיצד הם יכולים להפוך את YouTube Vanced לברירת המחדל לפתיחת קישורי YouTube מאפליקציות אחרות (כמו דפדפנים, אפליקציות להעברת הודעות וכל אפליקציה אחרת).\n\nעבור משתמשים בעלי Root, אין צורך לדאוג, כיוון ש־YouTube Vanced כבר מוגדר כברירת מחדל, מאחר שהוא מחליף לחלוטין את הגרסה המקורית של YouTube.\n\nעבור משתמשים שאינם בעלי Root, הפתרונות מחולקים בין ממשקי OneUI, MIUI והשאר. אנחנו לא יכולים לספק פתרונות לכל מערכת הפעלה שקיימת, וייתכן שתצטרכו לחפש את זה בגוגל בעצמכם.",
      "fields": [
        {
          "title": "משתמשי OneUI:",
          "content": "1. הקש והחזק את סמליל אפליקציית YouTube או את סמליל האפליקציה YouTube Vanced\n2. הקש על **מידע על אפליקציה**.\n3. מצא את \"**הגדר כברירת מחדל**\" והקש עליו\n4. הקש על \"**פתח קישורים נתמכים**\" ובחר \"**פתח באפליקציה זו**\"\n\nבגרסאות ישנות יותר של OneUI, האפשרויות בשלב הרביעי עשויות להיות מעט שונות. ייתכן שיהיה עליך להקיש על \"**עבור לכתובות אתרים נתמכות**\" ולאחר מכן לבחור באפשרות \"**באפליקציה זו**\".\nבגרסה ישנה מאוד של OneUI💩, ייתכן שיהיה עליך לעבור אל **הגדרות** > **אפליקציות** > *[הקש על שלוש נקודות בפינה הימנית]* > **אפליקציות ברירת מחדל** > **הגדר כברירת מחדל**. לאחר טעינת האפליקציות, מצא את YouTube Vanced או YouTube ופעל לפי השלב הרביעי..."
        },
        {
          "title": "משתמשי MIUI:",
          "content": "1. פתח את הגדרות\n2. עבור אל **אפליקציות**,\n3. **נהל אפליקציות**,\n4. ואז הקש על שלוש הנקודות בפינה הימנית,\n5. **אפליקציות ברירת מחדל**,\n6. **פתיחת קישורים**.\n7. המתן עד שכל האפליקציות שלך יופיעו ברשימה…\n8. מצא את YouTube או את YouTube Vanced והקש עליו.\n9. הקש על \"**פתח קישורים נתמכים**\" ובחר \"**פתח**\""
        },
        {
          "title": "ממשקי משתמש מבוססי אנדרואיד ומותאמים אישית (OOS, ColorOS, EMUI וכו'):",
          "content": "1. פתח את **הגדרות**\n2. עבור אל **יישומים**\n3. הקש על **יישומי ברירת מחדל**\n4. מצא את **YouTube** או את **YouTube Vanced**\n5. הקש על \"**עבור אל כתובות אתרים נתמכות**\" ובחר באפשרות \"**פתח באפליקציה זו**\"\n\nאם אתה עדיין חווה בעיות זה, ייתכן שתצטרך לחפש כמה מאמרים/סרטוני \"כיצד לבצע\" ב־[Google] (https://www.google.com/search?q=%22android%22+how+to+open+youtube+links+with+youtube) או שתוכל להתקין יישום צד שלישי מחנות היישומים של Google (https://play.google.com/store/search?q=open%20with) כדי לחסוך ממך את הטרחה הזו…"
        }
      ]
    },
    {
      "title": "למה גרסאת ה-Root אינה משתמשת בליבת ה-microG? ",
      "description": "1. צריך שיהיה לך לפחות את גרסת [pico](להתקנה מכאן: https://github.com/opengapps/opengapps/wiki/Pico-Package) של GApps כדי להריץ את Vanced.\n\n2. אינך יכול להריץ Vanced עם microG Core ללא מסגרת שירותי Google Play אשר זמינה בכל חבילות GApps וזו ספריה נדרשת.\n\n3. אם אתה חושש מהפרטיות שלך ואינך רוצה להשתמש ב־GApps אך עדיין רוצה להשתמש ב־YouTube ללא מודעות, גרסת האינטרנט (בכתובת https://youtube.com) תמיד זמינה לרשותך."
    },
    {
      "title": "למה הקרנה לא עובדת?",
      "description": "For users with v16.16.38 and all above non-root variants and root variants who are using microG based ROMs, there's a bug in upstream microG. Until that resolves, please wait for updates or roll back to v15 versions. If you use Google Play Services with root variants, you won't have any problems with casting."
    },
    {
      "title": "מהי חתימת APK?",
      "description": "אתה קורא את ההודעה הזו כיוון שאתה לא משתמש ב־Vanced Manager או שהתקנת את Vanced ממקור לא רשמי.\nפשוט השתמש ב־Vanced Manager!\n\nאתה יכול להוריד את Vanced Manager בבטחה מ:\n- האתר הרשמי: <https://vancedapp.com>\n- עמוד הגיטהאב: <https://github.com/YTVanced/VancedManager/releases/latest>"
    },
    {
      "title": "האם YouTube Vanced נמצא בחנות האפליקציות של גוגל?",
      "description": "לא!\nשוב, אל תתקין או אפילו נסה לחפש אפליקציות מזויפות בשם \"YouTube Vanced\" או דומות לה בחנות Play או בחנויות אפליקציות כלשהן כדי להתקין את Vanced.\n\nהדבר הרשמי היחיד של Vanced שנמצא בחנות האפליקציות של גוגל הוא המדריך שלנו (https://play.google.com/store/apps/details?id=com.vanced.faq), והוא בלבד.\n\nאם אתה מוצא אפליקציה אחרת עם הסמל ו/או השם שלנו, דווח עליה כהתחזות ותן לה ביקורת גרועה.\n\nניתן למצוא את האפליקציות שלנו אך ורק בכתובת <https://vancedapp.com>)."
    },
    {
      "title": "למה האפליקציה של Vanced לא מופיעה במסך הבית או במגירת היישומים?",
      "description": "אתה קורא את ההודעה הזו כיוון שאתה לא משתמש ב־Vanced Manager או שהתקנת את Vanced ממקור לא רשמי.\nפשוט השתמש ב־Vanced Manager!\n\nאתה יכול להוריד את Vanced Manager בבטחה מ:\n- האתר הרשמי <https://vancedapp.com>\n- עמוד הגיטהאב <https://github.com/YTVanced/VancedManager/releases/latest>"
    },
    {
      "title": "מדוע סרטונים לא פועלים?",
      "description": "נסה להפעיל מחדש את האפליקציה. זה יכול להיות גם בגלל חיבור האינטרנט שלך או המכשיר שלך."
    },
    {
      "title": "מדוע יש לי מגבלת רזולוציה של 480p?",
      "description": "בשל COVID-19, גוגל מגבילה את השימוש בנתונים בכמה מדינות. זה מתרחש בצד השרת ומשפיע גם על משתמשי Vanced וגם על משתמשי YouTube.",
      "fields": [
        {
          "title": "דרכים לעקיפת בעיות:",
          "content": "1. התחברו ל־VPN של מדינה אחרת.\n2. השתמשו בגרסת האינטרנט של YouTube, בכתובת https://youtube.com\n3. כיוון שמגבלת 480p מיועדת רק לטלפונים ולא לטאבלטים, תוכלו לשנות את דגם המכשיר ב־YouTube Vanced כדי להתגבר על המגבלה.\n\n#### כיצד לשנות את דגם המכשיר?\n1. פתחו את YouTube Vanced.\n2. עברו אל הגדרות\n3. הקישו על 'הגדרות מתקדמות'\n4. אפשרו הגדרות נסתרות:\n   - גללו מטה והקישו על הקטע 'אודות' עד שתקבלו הודעה האומרת 'הגדרות נסתרות מופעלות'.\n5. עברו אל 'עקיפת מקודדים'\n6. הגדירו את היצרן ל־'Samsung' ואת הדגם ל־'SM-T865'.\n7. הפעילו מחדש את האפליקציה.\n\nלאחר ההפעלה מחדש, מגבלת 480p צריכה להיעלם."
        }
      ]
    },
    {
      "title": "כיצד להסתיר את ההתראה מ־microG?",
      "description": "כדי להסתיר את ההתראה של microG,\n\n1. באפשרותך להשבית את מיטוב הסוללה עבור microG ולהפעיל מחדש את המכשיר.\n\n2. אם ההודעה עדיין קיימת לאחר אתחול מחדש, השבת את התראות microG על ידי החזקת ההודעה, הקשה על חסימת התראות ולאחר מכן שמירה.\n\n>השבתת התראות מאפליקציות יכולה להיעשות בדרכים שונות בהתאם לממשק המשתמש של מכשירך. אם אינך יודע כיצד להשבית אותו, נסה להשתמש בגוגל כדי ללמוד כיצד להשבית אותו."
    },
    {
      "title": "האם רזולוציית 1440p תיראה טוב יותר על המסך בעל רזולוציית 1080p שלי?",
      "description": "כן, אבל רק אם יחס הווידאו הוא משהו כמו 18:9, 21:9. באפשרותך להפעיל את 'סטטיסטיקות לחנונים' בהגדרות > כללי כדי לאשר זאת.\n\nכדי לאפשר רזולוציות גבוהות יותר, עברו אל הגדרות Vanced > הגדרות וידאו והפעילו את 'רזולוציה מקסימלית' ולאחר מכן הפעילו מחדש את האפליקציה."
    }
  ]
}
