{
  "data": [
    {
      "title": "چۆنیەتی ناردنی ڕاپۆرت هەڵە و کێشە؟",
      "description": "ئەتوانی ڕاپۆرتی کێشە و هەڵەکان بنێریت بۆ [سەنتەری هاوکاری](https://github.com/YTVanced/Vanced#vanced-issue-center).\n\nپێش ناردنی ڕاپۆرتی هەڵەکە تکایە دڵنیایی بکەرەوە کە هەمان جۆری کێشە یان هەڵە هەیە یان نا یان چارەسەر کراوە!",
      "fields": [
        {
          "title": "کەی ڕاپۆرتی هەڵەکە سەیر دەکرێت؟",
          "content": "پەرەپێدەرەکان هەموو هەوڵێکی خۆیان ئەدەن و بەپێی کات کاردەکەن بۆ چارەسەرکردنی کێشە و گیر و گرفتەکان و زیادکردنی تایبەتمەندی نوێ، لەبەر ئەوە هەر دانیەک ماوەیەکی پێویستە بۆ چارەکردن. \nتەنیا ئەوەی لەسەر تۆ پێویستە بیکەیت ئەوە کە چاوەڕوان بیت هەتا کێشەکەت چارەسەرە دەکرێت بەزووترین کاتی توانراو."
        },
        {
          "title": "چۆن ڕاپۆرتی کێشە و هەڵە تۆمار بکەم؟",
          "content": "For non-root users:\nYou will need a PC to take `logcat` outputs. Here is a [text guide](https://github.com/YTVanced/Vanced#creating-a-logcat-using-the-android-debug-bridge-adb-on-your-pc) and a [video guide](https://youtu.be/ICLpwgsJJP0).\n\nFor root users:\nYou don't need a PC for this, please follow [the instructions](https://github.com/YTVanced/Vanced#creating-a-logcat-using-termux-on-your-rooted-android)."
        },
        {
          "title": "Your bug is UI related?",
          "content": "For UI-related bugs, you will have extra steps to take.\n\nPlease install and setup [Developer Assistant](https://play.google.com/store/apps/details?id=com.appsisle.developerassistant).\nAfter that, go to Vanced and reproduce the bug, then open the Layout viewer by triggering the Developer Assistant.\n\nNow follow these steps:\n1. Make sure the bug is showing on the screen.\n2. Tap on the element that you think is affected by the bug.\n3. Go to the `Element` and `Hierarchy` tabs and screenshot the outputs.\n4. Include those screenshots in your issue."
        }
      ]
    }
  ]
}
