{
    "$schema": "http://json-schema.org/draft-07/schema#",
    "definitions": {
        "title_with_description": {
            "type": "object",
            "properties": {
                "title": {
                    "type": "string",
                    "maxLength":256
                },
                "description": {
                    "type": "string",
                    "maxLength":2048
                }
            },
            "required": [
                "title",
                "description"
            ],
            "additionalProperties": false
        },
        "title_with_fields": {
            "type": "object",
            "properties": {
                "title": {
                    "type": "string",
                    "maxLength":256
                },
                "fields": {
                    "type": "array",
                    "maxItems": 15,
                    "items": {
                        "oneOf": [
                            {
                                "type": "object",
                                "properties": {
                                    "title": {
                                        "type": "string",
                                        "maxLength":256
                                    },
                                    "content": {
                                        "type": "string",
                                        "maxLength":1024
                                    }
                                },
                                "required": [
                                    "title",
                                    "content"
                                ],
                                "additionalProperties": false
                            }
                        ]
                    }
                }
            },
            "required": [
                "title",
                "fields"
            ],
            "additionalProperties": false
        },
        "title_with_description_and_fields": {
            "type": "object",
            "properties": {
                "title": {
                    "type": "string",
                    "maxLength":256
                },
                "description": {
                    "type": "string",
                    "maxLength":2048
                },
                "fields": {
                    "type": "array",
                    "maxItems": 15,
                    "items": {
                        "oneOf": [
                            {
                                "type": "object",
                                "properties": {
                                    "title": {
                                        "type": "string",
                                        "maxLength":256
                                    },
                                    "content": {
                                        "type": "string",
                                        "maxLength":1024
                                    }
                                },
                                "required": [
                                    "title",
                                    "content"
                                ],
                                "additionalProperties": false
                            }
                        ]
                    }
                }
            },
            "required": [
                "title",
                "description",
                "fields"
            ],
            "additionalProperties": false
        }
    },
    "type": "object",
    "oneOf": [
        {
            "type": "object",
            "properties": {
                "data": {
                    "type": "array",
                    "items": {
                        "oneOf": [
                            {
                                "$ref": "#/definitions/title_with_description"
                            },
                            {
                                "$ref": "#/definitions/title_with_fields"
                            },
                            {
                                "$ref": "#/definitions/title_with_description_and_fields"
                            }
                        ]
                    }
                }
            },
            "additionalProperties": false
        }
    ]
}
