{
  "data": [
    {
      "title": "如何回報 bug？",
      "description": "您可以使用我們的 [Github Issue Center](https://github.com/YTVanced/Vanced#vanced-issue-center) 報告錯誤\n\n請務必檢查您的錯誤是否已經被報告過！",
      "fields": [
        {
          "title": "什麼時候會審查我回報的 bug？",
          "content": "開發者騰出時間來創建新功能和修復許多問題，每個錯誤都需要花時間來完成修復。\n你只需要耐心等候。你的問題將盡快被審閱。"
        },
        {
          "title": "如何取得 logcat？",
          "content": "對於非root使用者:\n您需要使用電腦來獲得\"logcat\"的輸出。這邊有[文字版的教學](https://github.com/YTVanced/Vanced#creating-a-logcat-using-the-android-debug-bridge-adb-on-your-pc)和[影片教學](https://youtu.be/ICLpwgsJJP0)。\n\n對於root使用者:\n您則不需要使用電腦。您可以按照[此處](https://github.com/YTVanced/Vanced#creating-a-logcat-using-termux-on-your-rooted-android)的說明進行操作。"
        },
        {
          "title": "您的 BUG 是與介面相關的嗎？",
          "content": "對於UI相關的BUG，您需要採取額外的步驟。\n\n請安裝並設置[Developer Assistant](https://play.google.com/store/apps/details?id=com.appsisle.developerassistant)。\n之後，回到Vanced並重現BUG，然後透過觸發開啟Developer Assistant並打開Layout的查看器。\n\n現在按照以下步驟：\n1. 確保BUG顯示在螢幕上\n2. 點擊您認為受BUG影響的元件\n3. 選到\"Element\"和\"Hierarchy\"的標籤項，進行螢幕截圖\n4. 在您的問題回報中包含這些螢幕截圖"
        }
      ]
    }
  ]
}
