{
  "data": [
    {
      "title": "YouTube Vanced 是什麼？",
      "description": "YouTube Vanced 是修改過的 YouTube，有著額外的特色，讓您更便利的使用 YouTube！\n\n這些特色包括：\n- 背景播放\n- 子母畫面（PiP）\n- 黑色主題（適合 OLED）\n- 移除廣告（需要啟用）\n- 超越最大解析度（使影片可以用比您的螢幕更高的解析度來播放）\n- ……及許多其他功能！\n\n您可造訪<https://vancedapp.com>取得更多資訊"
    },
    {
      "title": "下載按鈕在哪裡？",
      "description": "當然，Google 不會允許自己的 APP 的修改版本在自己的商店上架，因此不要在 Google Play 商店尋找，那些是假的 APP。\n\nVanced 相關 APP 可藉由 Vanced Manager 來下載安裝，而 Vanced Manager 可以從我們的官網（<https://vancedapp.com>）下載，但您也可以在 [GitHub]（https://github.com/YTVanced/VancedManager/releases/latest）上取得。"
    },
    {
      "title": "YouTube Vanced 會自動更新嗎？",
      "description": "不會。\n\n當有更新時，Vanced Manager 會傳送一則通知給您。\n\n 您也可以加入我們的 [Discord 伺服器](https://discord.gg/Vanced) 或者追蹤 [Telegram 頻道](https://t.me/Vanced) 來取得最新消息與更新通知。"
    },
    {
      "title": "可以用 Vanced 下載影片嗎？",
      "description": "Vanced 沒有下載影片的功能，也絕對不會有。\n\n在[某些國家](https://support.google.com/youtube/answer/6141269)，您可以免費的下載影片。\n至於其他地方，請購買 YouTube Premium。\n\n再次強調──Vanced「絕對不會」在 APP 中加入影片下載器或類似的功能。\n\n這點已經導致了許多修改版 YouTube 停止服務，因為 Google 不樂見大家從他們的平台上下載版權內容，所以不要再要求添加這個功能了！！！"
    },
    {
      "title": "為何滑動手勢沒有反應？",
      "description": "若您在 Vanced 設定 > 版面設定中將留言設定為顯示在底部（舊位置），請停用此設定，然後重開 APP。\n若情況依舊，請強制停止 APP 並清除它的資料（清除儲存空間）"
    },
    {
      "title": "無法開啟字幕？",
      "description": "這不是 Vanced 或是 Youtube 的問題，並不是每部影片都有字幕。"
    },
    {
      "title": "你們接受捐款嗎？",
      "description": "我們「不」接受捐款！\n\n任何情況下的任何網站、連結、貼文所要求的任何形式的捐款都是假的。\n\n但如果您想支持 Vanced 的開發者們，您可使用 [此連結](https://brave.com/kev231) 來下載 Brave、[此連結](https://adguard.com/en/welcome.html?aid=31141) 來下載 AdGuard。"
    },
    {
      "title": "如何使播放器版面自動隱藏？",
      "description": "您可以在YouTube Vanced > 設定 > 無障礙設定中進行設定。如果設定無法打開或不起作用，轉往您裝置上的設定 > 無障礙設定並關閉聲音擴大器、開關功能，即時字幕。"
    },
    {
      "title": "為何使用 split APKs？",
      "description": "因為:\n\n1. 系統應用程式使用它，所以 Vanced 也使用它。\n2. 它只安裝您指定的語言來減少儲存消耗。\n3. 它有您的裝置需要的唯一核心 APK 版本。\n\n當然，Vanced Manager 或開發人員可以將其轉換為普通的、單一的 APK 檔案，但我們太懶了。你只需要使用我們提供的就好…\n\n不過不要擔心，Vanced Manager 會為你做所有的辛苦工作，所以只要點選 「安裝」按鈕。"
    },
    {
      "title": "為甚麼啟動畫面的顏色跟主題不一樣？",
      "description": "啟動螢幕的背景顏色是從 Android framework 的顏色，以確保它改變根據系統主題。你可以使用 [Substratum](https://play.google.com/store/apps/details?id=projekt.substratum) 或 [Swift Installer](https://play.google.com/store/apps/details?id=com.brit.swiftinstaller) 或類似的應用程式來改變顏色。"
    },
    {
      "title": "我應該重新下載安裝檔嗎？",
      "description": "由於各種原因，檔案可能被損壞，並可能在之後導致問題。為了避免這種情況，您可以選擇再次下載，以確保安裝順利進行。"
    },
    {
      "title": "為什麼 Root 版本沒有\"麥克風\"權限？",
      "description": "如果你的 Vanced 是最新的就可以。"
    },
    {
      "title": "ExoPlayer v1 是什麼？",
      "description": "這是目前 YouTube 所使用的媒體播放器的舊版本；使用它後您或許會得到更佳的效能及穩定度。"
    },
    {
      "title": "如何開啟隱藏的設定？",
      "description": "輕觸 Vanced 設定中的「關於」區塊 6 ~ 7 次即可開啟。此步驟僅會開啟額外的影片編碼設定。"
    },
    {
      "title": "如何使 YouTube Vanced 作為預設應用程式？",
      "description": "正如標題所說，許多使用者多次詢問如何將 YouTube Vanced 作為預設開啟來自其他應用程式（如瀏覽器、訊息應用程式和任何其他應用程式）的 YouTube 連結。\n\n 對於 root，您無需擔心，因為它已經預設設定，因為官方 YouTube 已被 YouTube vanced 取代。\n\n 對於非 root 使用者，解決方案分為 OneUI、MIUI 等。  我們無法為所有作業系統提供解決方案，您可能需要自己想辦法。",
      "fields": [
        {
          "title": "OneUI 使用者：",
          "content": "1. 點選並按住應用程式抽屜中的 YouTube 或 YouTube Vanced 應用程式圖示。\n2. 點選 ** 應用資訊 **。\n3. 找到 「** 設為預設 **」 並點選\n4. 點選 「** 開啟支援的連結 **」 並選擇 「** 在這個應用程式中開啟 **」\n\n 在舊版本的 OneUI 中，第 4 步中的選項名稱可能略有不同。 您可能需要點按 「** 轉到支援的網址 **」 並選擇 「** 在此應用中 **」 選項。\n 在較舊版本的 OneUI 💩 中，您可能需要轉到 ** 設定 ** > ** 應用 ** > *[點選右上角的三個點]* > ** 預設應用 ** > ** 設為 預設 **。 應用載入後 查詢 YouTube Vanced 或 YouTube 並按照第 4 步操作..."
        },
        {
          "title": "MIUI 使用者：",
          "content": "1. 開啟設定\n2. 進入 ** 應用 **，\n3. ** 管理應用 **，\n4. 然後，點選右上角的三個點，\n5. ** 預設應用 **，\n6. ** 開啟連結 **。\n7. 等到您的所有應用程式都列出來...\n8. 找到 YouTube 或 YouTube Vanced 並點選它。\n9. 點選 「** 開啟支援的連結 **」 並選擇 「** 開啟 **」"
        },
        {
          "title": "AOSP 及其他 UI (OOS、ColorOS、EMUI...等)：",
          "content": "1. 開啟 ** 設定 **\n2. 轉到 ** 應用程式 **\n3. 點選 ** 預設應用程式 **\n4. 查詢 **YouTube** 或 **YouTube Vanced **\n5. 點選 「** 轉到支援的 URL**」 並選擇 「** 在此應用中開啟 **」 選項\n如果您仍然對此感到困擾，您可能需要在網路上搜尋 (https://www.google.com/search?q=%22android%22+how+to+open+youtube+links+with+youtube）或您可以從 「Play Store」 安裝第三方應用程式 (https://play.google.com/store/search?q=open%20with) 為了把你從這個麻煩中解救出來…"
        }
      ]
    },
    {
      "title": "為什麼 Root 版本與 microG Core 不相容？",
      "description": "1. 您需要有 GApps 的 [pico](https://github.com/opengapps/opengapps/wiki/Pico-Package) 版本才能運行 Vanced。\n\n2. 您如果沒有安裝必要的 Google Play 服務框架，Vanced 就無法讓 microG Core 一起運行，該框架包含在所有的 GApps 封包中。\n\n3. 如果您擔心自己的隱私並且不想使用 GApps，但仍想擁有沒有廣告的 YouTube 觀看體驗，那麼 [網頁版](https://youtube.com) 將是您的選擇。"
    },
    {
      "title": "為什麼無法投射螢幕？",
      "description": "對於 v16.16.38 及以上所有使用基於 microG ROM 的 non-root 版和 root 版的使用者，上游 microG 存在錯誤。  在解決之前，請等待更新或回滾到 v15 版本。  如果您將 Google Play 服務與 root 版一起使用，則轉換不會有任何問題。"
    },
    {
      "title": "什麼是 APK 簽名？",
      "description": "您正在閱讀本文是因為您沒有使用 Vanced Manager，或是您可能從非官方來源安裝了 Vanced。\n選擇使用 Vanced Manager 吧！\n\n您可以從以下位置安全的下載 Vanced Manager：\n- [官方網站](https://vancedapp.com)\n- [GitHub](https://github.com/YTVanced/VancedManager/releases/latest)"
    },
    {
      "title": "YouTube Vanced 有在 Play 商店上架嗎？",
      "description": "沒有！\n再說一次，請不要在 Play 商店或任何應用程式商店中嘗試搜尋或安裝任何名為「YouTube Vanced」或類似名稱的假應用程式來安裝 Vanced。\n\n我們官方只有也是唯一一個在 Play 商店上架的應用程式 [Vanced 指南](https://play.google.com/store/apps/details?id=com.vanced.faq)\n如果您發現任何其它帶有我們圖示和名稱的應用程式，請將其檢舉為抄襲或冒用並給予差評。\n\n我們的應用程式只能在[官方網站](https://vancedapp.com)上找到。"
    },
    {
      "title": "為何 Vanced 沒有顯示在主畫面或應用程式清單中？",
      "description": "您正在閱讀本文是因為您沒有使用 Vanced Manager，或是您可能從非官方來源安裝了 Vanced。\n選擇使用 Vanced Manager 吧！\n\n您可以從以下位置安全的下載 Vanced Manager：\n- 官方網站 <https://vancedapp.com>\n- [GitHub](https://github.com/YTVanced/VancedManager/releases/latest)"
    },
    {
      "title": "為何影片無法播放？",
      "description": "試試重開 app。也有可能是網際網路連線或您的裝置出了問題。"
    },
    {
      "title": "為何我有 480p 的限制？",
      "description": "因為 COVID-19 的緣故，Google 限制了某些國家的資料用量。由於這是伺服器端的設定，因此 Vanced 與原生 YouTube 使用者皆會受到影響。",
      "fields": [
        {
          "title": "解決方案:",
          "content": "1. 使用VPN連線到其他區域\n2. 使用[網頁版](https://youtube.com)\n3. 由於480p限制僅適用於手機而非平板，因此您可以在YouTube Vanced中更改設備型號以克服該限制\n\n#### 如何更改設備型號？\n1. 開啟YouTube Vanced\n2. 前往「設定」\n3. 輕觸「Vanced 設定」\n4. 開啟隱藏設定:\n  - 往下滑，一直輕觸「關於」直到看見「隱藏設定已開啟」\n5. 前往「覆寫編解碼器」\n6. 輕觸「覆寫製造商」並改為「Samsung」，輕觸「覆寫機型」並改為「SM-T865」\n7. 重啟應用程式\n\n重新啟動後，480p的限制將消失。"
        }
      ]
    },
    {
      "title": "要怎麼隱藏 microG 的通知？",
      "description": "如要隱藏microG的通知，\n\n1. 您可以為Vanced microG關閉電池優化，然後重新啟動裝置。\n\n2. 如果上述方法不起作用，請按住microG通知，選取關閉通知，然後點擊\"套用\"。\n\n> Android上有需多不同方式可以關閉應用程式通知。如果您不知道如何關閉通知，請嘗試使用Google來學習如何關閉通知。"
    },
    {
      "title": "1440p會在我的1080p螢幕上會看起來更棒嗎？",
      "description": "是的，但前提是影片比例為18：9、21：9時；您可以在「設定 > 一般」中開啟\"啟用影片格式資料\"進行確認。\n\n要使用更高的影片解析度，請前往「Vanced 設定 > 影片設定」，然後開啟\"最高影片解析度\"，接著重新啟動應用程式。"
    }
  ]
}
