{
  "data": [
    {
      "title": "Vanced",
      "description": "YouTube Vanced旨在成為更好版本的原生YouTube。它包括廣告阻擋，深色主題等等。使用Vanced Manager可以相對輕鬆地安裝YouTube Vanced。"
    },
    {
      "title": "Vanced Music",
      "description": "YouTube Music Vanced與YouTube Vanced的目標相同，但此應用程式專注於YouTube音樂。與Vanced相比，功能相對而言要少一些，但在YouTube Music Vanced內，您仍然可以期待很多功能，例如廣告攔截和背景播放！"
    },
    {
      "title": "YouTube Vanced 主要特色",
      "description": "- 除了白色主題，還有對 OLED 友善的黑色主題和暗色主題_(aka 深灰色)_\n- 阻擋所有廣告\n- 允許您在背景或畫中畫(PiP)模式(只在 Android 8+) 中播放影片\n- 滑動控制允許您透過上下手勢控制亮度和音量(可調整設定)\n- 自動重播功能可讓您重複播放影片\n- 可以將新的留言/平板迷你播放器版面切換到與平板舊版非常相似的版本(但是，它有點問題)"
    },
    {
      "title": "個人化",
      "description": "- 允許您覆寫編解碼器選項，例如為舊裝置強制使用 H264 或 VP9，如果您更喜歡電影般的體驗，它也允許您強制播放 HDR 或關閉 60fps。(這些功能的自定義裝置設定可以在我們的 [Discord](https://discord.gg/Vanced) 或是 XDA 上找到)\n- 強制將影片預設解析度設置為您期望的更高或更低，甚至可以覆寫您的螢幕解析度，以便在任何裝置上播放 4K 超高畫質。它還允許您將預設播放速度更改為 0.25 到 2 倍速之間的任何速度（假如您的裝置能夠負荷的話）\n- 允許您開關首頁廣告、大多數 UI 廣告、商品廣告、社群文章、電影推銷、小型橫幅資訊（例如 COVID-19 資訊）、完全移除評論、小型電影、推薦電影等等！"
    },
    {
      "title": "SponsorBlock",
      "description": "- 具有跳過贊助商部分的功能（[YouTuber](https://en.wikipedia.org/wiki/YouTuber) 在影片中間宣傳服務或產品的地方）\n- 它還支援略過像是介紹、結尾和自我宣傳\n- [此處](https://sponsor.ajay.app)是我們使用的API。您可以找到有關其運作原理的更多資訊\n- 它也允許您將自己的片段納入到 API 並為更廣泛的社群做出貢獻\n- 控制是否自動跳過片段類型或顯示跳過按鈕，或者根本不跳過它\n- 根據播放時間線中的類型以特定顏色標記該片段"
    },
    {
      "title": "平台",
      "description": "本 APP 目前僅能在 Android 平台上使用，且暫時沒有支援其他平台的計劃。"
    },
    {
      "title": "Root 與非 Root 版本之間的區別",
      "description": "#### Root 版本：\n無縫替換了官方 YouTube 應用程式。因此，您可以像平常一樣使用官方 YouTube 打開 YouTube 連結或使用 Google 助理，這些動作都會開啟 Vanced。\n\n#### 非 Root 版本：\n- 如果您的裝置難以 root，或者您不想對您的裝置進行 root，則應選擇非 root 版本。\n- 由於非 Root 版本的封包名稱與官方 YouTube 應用程式的不同，它們可以共存。請注意，您需要安裝額外的應用程式「Vanced microG」才能使用您的 YouTube/Google 帳戶登錄。\n- 此外，您必須手動將 Vanced 設定為預設打開 YouTube 連結的應用程式。\n- 但是，非 root 版本的安裝和使用簡單許多，因此我們建議您使用非 root 版本，除非您真的需要更換手機上的原版 YouTube 應用程式。"
    }
  ]
}
