{
  "data": [
    {
      "title": "برنامه یوتیوب اصلاح شده چیست?",
      "description": "یوتیوب پیشرفته، نسخه اصلاح شده یوتیوب است که با ویژگی‌های اضافی برای بهبود تجربه یوتیوب شما همراه شده است!\nبعضی از ویژگی ها:\n-پخش در پس زمینه\n-تصویر در تصویر\n-تم مشکی\n-حذف کننده تبلیغات (نیاز به فعال شدن دارد)\n-بالاترین کیفیت ( اجازه پخش ویدیو با بالاترین کیفیت حتی بیش تر از اندازه صفحه نمایش شما)\n-و موارد متعدد دیگر...\n\nبرای اطلاعات بیشتر به سایت https://vancedapp.com مراجعه کنید"
    },
    {
      "title": "دکه دانلود کجاست?",
      "description": "البته، گوگل اجازه نمی دهد نسخه اصلاح شده برنامه خود را در فروشگاه خود قرار دهد، بنابراین آن را در فروشگاه گوگل پلی جستجو نکنید، اینها فقط برنامه های جعلی هستند.\n\nبرنامه های یوتیوب پیشرفته را می توان با استفاده از مدیریت کننده یوتیوب پیشرفته که در وب سایت رسمی ما یافت می شود بارگیری و نصب کرد: <https://vancedapp.com> اما شما همچنین می توانید آن را در گیت هاپ پیدا کنید: (https://github.com/YTVanced/VancedManager/releases/latest)."
    },
    {
      "title": "آیا یوتیوب اصلاح شده خودکار آپدیت می شود?",
      "description": "نه، اینطور نیست.\n\n یوتیوب اصلاح شده در صورت وجود بروزرسانی اعلان برای شما ارسال می کند.\nهمچنین میتوانید در سرور دیسکورد ما ملحق شوید: (https://discord.gg/Vanced) یا می توانید کانال تلگرام ما را برای دریافت آخرین اخبار دنبال کنید(https://t.me/Vanced)."
    },
    {
      "title": "آیا یوتیوب اصلاح شده می‌تواند ویدیو دانلود کند?",
      "description": "یوتیوب اصلاح شده هیچ ویژگی بارگیری ویدیو را شامل نمی شود و هرگز هم نخواهد داشت.\n\nبسیاری از ویدیوها برای دانلود رایگان در [کشورهای انتخاب شده] در دسترس هستند (https://support.google.com/youtube/answer/6141269) \n9). برای سایر نقاط جهان، لطفاً یوتیوب ویژه را دریافت کنید.\n\nمجدداً، یوتیوب اصلاح شده هرگز بارگیری ویدیو یا هر چیزی مشابه اضافه نخواهد کرد.\n\nاین دلیل غیرفعال شدن بسیاری از یوتیوب های اصلاح شده در گذشته بوده است، زیرا گوگل دوست ندارد مردم محتوای دارای حق رایت را از پلتفرم خود دانلود کنند، بنابراین آن را درخواست نکنید!!!"
    },
    {
      "title": "چرا حرکات کشیدن انگشت کار نمی کند?",
      "description": "اگر نظرات در پایین ( قدیمی) در تنظیمات پیشرفته > تنظیمات طرح‌بندی نشان داده شده است، آن را غیرفعال کنید و برنامه را مجدداً راه‌اندازی کنید. اگر کار نکرد، برنامه را به اجبار متوقف کنید و داده های آن را پاک کنید."
    },
    {
      "title": "زیرنویس ها در دسترس نیستند?",
      "description": "این موضوع مربوط به برنامه ما یا خود یوتیوب نیست. همه ویدیوها زیرنویس ندارند."
    },
    {
      "title": "آیا شما کمک مالی می گیرید?",
      "description": "ما کمک مالی نمی پذیریم!\n\nهر نوع کمک مالی تحت هر شرایطی و هر سایت یا پیوند یا پستی که درخواست کمک مالی می کند به سادگی جعلی است.\n\nاما اگر می‌خواهید از توسعه‌دهندگان ما پشتیبانی کنید، می‌توانید مرورگر Brave را دانلود کنید \n(https://brave.com/kev231) and AdGuard using [this link](https://adguard.com/en/welcome.html?aid=31141)."
    },
    {
      "title": "چگونه طرح پخش کننده به صورت خودکار را مخفی کنیم?",
      "description": "می توانید آن را در یوتیوب پیشرفته > تنظیمات > دسترسی پذیری پیکربندی کنید. اگر تنظیمات باز نشد یا کار نکرد، به تنظیمات دسترس‌پذیری دستگاه خود بروید و تقویت‌کننده صدا، سوئیچ دسترسیپ زیرنویس های زنده را غیرفعال کنید."
    },
    {
      "title": "چرا از فایل نصبی های تقسیم شده استفاده می کنیم?",
      "description": "زیرا:\n\n1. برنامه اصلی از آن استفاده می کند، بنابراین یوتیوب پیشرفته نیز از آن استفاده می کند.\n2. فقط زبان هایی را که شما مشخص کرده اید نصب می کند تا مصرف فضای ذخیره سازی کاهش یابد.\n3. تنها نسخه اصلی فایل نصبی را دارد که دستگاه شما به آن نیاز دارد.\n\nالبته، مدیر پیشرفته یا توسعه دهندگان می توانند آن را به یک فایل نصبی معمولی تبدیل کنند، اما ما برای انجام این کار بسیار تنبل هستیم. فقط باید با چیزایی که داریم کنار بیای...\n\nنگران نباشید، مدیریت پیشرفته تمام کارهای سخت را برای شما انجام می دهد، بنابراین فقط روی دکمه «نصب» ضربه بزنید."
    },
    {
      "title": "چرا رنگ صفحه راه اندازی با تم مطابقت ندارد? ",
      "description": "رنگ پس‌زمینه صفحه راه‌اندازی از رنگ چارچوب اندروید گرفته شده است تا مطمئن شوید که مطابق با تم سیستم تغییر می‌کند. می توانید برای اصلاح این موضوع از برنامه های زیر استفاده کنید [Substratum](https://play.google.com/store/apps/details?id=projekt.substratum) یا [Swift Installer](https://play.google.com/store/apps/details?id=com.brit.swiftinstaller) یا یک برنامه مشابه برای تغییر رنگ."
    },
    {
      "title": "آیا باید فایل های نصبی را از دوباره دانلود کنم?",
      "description": "فایل ها ممکن است به دلایل مختلف خراب شده و بعد از آن مشکلاتی ایجاد کنند. برای جلوگیری از این امر، می‌توانید دوباره آن را بارگیری کنید تا مطمئن شوید که نصب شما بدون مشکل انجام می‌شود."
    },
    {
      "title": "چرا نسخه روت مجوز میکروفون ندارد? ",
      "description": "اگر یوتیوب اصلاح شده شما بروز باشد این مجوز کار می کند."
    },
    {
      "title": "چیست ExoPlayer v1?",
      "description": "این نسخه قدیمی تر از پخش کننده رسانه فعلی است که توسط یوتیوب استفاده می شود. ممکن است هنگام استفاده از آن عملکرد و ثبات بهتری داشته باشید."
    },
    {
      "title": "چگونه میتوانم تنظیمات مخفی را فعال کنم?",
      "description": "در تنظیمات یوتیوب پیشرفته ، 6 تا 7 بار روی بخش «درباره ما» ضربه بزنید تا فعال شود. این فقط تنظیمات کدک ویدیوی اضافی را فعال می کند."
    },
    {
      "title": "چگونه یوتیوب اصلاح شده را به برنامه پیش فرض تبدیل کنم?",
      "description": "همانطور که عنوان می گوید، بسیاری از کاربران بارها پرسیده اند که چگونه می توانند  یوتیوب اصلاح شده را به عنوان پیش فرض برای باز کردن پیوندهای یوتیوب از سایر برنامه ها (مانند مرورگرها، برنامه های پیام رسانی و هر برنامه دیگری) قرار دهند.\n\nبرای روت، نیازی نیست نگران باشید، زیرا از قبل به طور پیش فرض تنظیم شده است، زیرا یوتیوب رسمی با یوتیوب اصلاح شده  جایگزین شده است.\n\nبرای غیر روت، راه حل ها بین وان یو آی، می یو آی  و بقیه تقسیم شده است. ما نمی‌توانیم برای هر سیستم‌عاملی راه‌حل‌هایی ارائه کنیم، و ممکن است لازم باشد خودتان آن را در گوگل جستجو کنید.",
      "fields": [
        {
          "title": "کاربران سامسونگ:",
          "content": ". روی نماد برنامه یوتیوب یا یوتیوب اصلاح شده از کشوی برنامه خود ضربه بزنید و نگه دارید.\n2. روی **اطلاعات برنامه** ضربه بزنید.\n3. «**تنظیم به پیش فرض**» را پیدا کنید و روی آن ضربه بزنید\n4. روی «**باز کردن پیوندهای پشتیبانی شده**» ضربه بزنید و «**باز کردن در این برنامه» را انتخاب کنید\nدر نسخه بسیار قدیمی وان یو آی🤦، ممکن است لازم باشد به **تنظیمات** > **برنامه ها** > *[روی سه نقطه در گوشه سمت راست ضربه بزنید]* > **برنامه های پیش فرض** > **تنظیم به عنوان پیش فرض **. پس از بارگیری برنامه‌ها یوتیوب اصلاح شده را پیدا کنید..."
        },
        {
          "title": "کاربران شیائومی:",
          "content": "1. تنظیمات را باز کنید\n2. به **برنامه ها** بروید،\n3. **مدیریت برنامه ها**\n4. سپس، روی سه نقطه در گوشه سمت راست ضربه بزنید،\n5. **برنامه های پیش فرض**\n6. **باز کردن لینک**.\n7. منتظر بمانید تا همه برنامه‌های شما فهرست شوند…\n8. یوتیوب اصلاح شده را پیدا کنید\n9. روی «**باز کردن پیوندهای پشتیبانی شده**» ضربه بزنید و «**باز کردن**» را انتخاب کنید"
        },
        {
          "title": "کاستوم رام ها و دیگر سیستم عامل ها.(:",
          "content": "1. **تنظیمات** را باز کنید\n2. به **برنامه ها** بروید\n3. روی **برنامه های پیش فرض** ضربه بزنید\n4. **یوتیوب** یا **یوتیوب اصلاح شده ** را پیدا کنید\n5. روی «** رفتن به آدرس های پشتیبانی شده **» ضربه بزنید و گزینه «** باز کردن در این برنامه **» را انتخاب کنید.\n شما هنوز با این مشکل دارید، ممکن است لازم باشد مقاله ها/ویدئو را جستجو کنید [Google]\n(https://www.google.com/search?q=%22android%22+how+to+open+youtube+links+with+youtube)\nیا می توانید یک برنامه شخص ثالث را از [فروشگاه گوگل پلی] نصب کنید (https://play.google.com/store/search?q=open%20with) برای نجات شما از این دردسر…"
        }
      ]
    },
    {
      "title": "چرا نوع روت با هسته microG کار نمی کند? ",
      "description": "1. برای اجرای یوتیوب اصلاح شده باید حداقل نوع [pico](https://github.com/opengapps/opengapps/wiki/Pico-Package) از برنامه های گوگل را داشته باشید.\n\n2. نمی‌توانید یوتیوب اصلاح شده را با هسته microG بدون فریم ورک سرویس های گوگل اجرا کنید، در همه بسته‌های برنامه گوگل موجود است و یک مورد نیاز است تا بتوانید برنامه اجرا کنید.\n\n3. اگر نگران حریم خصوصی خود هستید و نمی‌خواهید از برنامه های گوگل استفاده کنید، اما همچنان می‌خواهید از تماشای یوتیوب بدون تبلیغات استفاده کنید، [نسخه وب]\n(https://youtube.com)."
    },
    {
      "title": "چرا انتقال صفحه به دستگاه خارجی کار نمی کند?",
      "description": "برای کاربران دارای نسخه 16.16.38 و همه انواع غیر روت و انواع روت که از رام های مبتنی بر microG استفاده می کنند، یک اشکال در microG بالادست وجود دارد. تا زمانی که مشکل برطرف شود، لطفاً منتظر به‌روزرسانی باشید یا به نسخه قبل برگردید."
    },
    {
      "title": "امضای بسته چیست?",
      "description": "شما این را می خوانید زیرا از مدیریت کننده یوتیوب استفاده نمی کنید یا ممکن است یوتیوب اصلاح شده را از یک منبع غیر رسمی نصب کرده باشید.\nفقط از مدیریت کننده یوتیوب استفاده کنید!\nشما میتوانید از آدرس های زیر برنامه را به صورت امن دریافت کنید:\n-[سایت اصلی] (https://vancedapp.com)\n-[سایت گیت هاپ] (https://github.com/YTVanced/VancedManager/releases/latest)"
    },
    {
      "title": "آیا یوتیوب اصلاح شده در گوگل پلی موجود است?",
      "description": "نه!\nمجدداً، برای نصب یوتیوب اصلاح شده، هیچ برنامه جعلی با نام \" یوتیوب اصلاح شده\" یا مشابه آن را در فروشگاه گوگل پلی یا هر فروشگاه برنامه ای دیگر نصب نکنید یا حتی سعی نکنید آن را جستجو کنید.\nما در گوگل پلی فقط [راهنمای یوتیوب پیشرفته] را داریم \n(https://play.google.com/store/apps/details?id=com.vanced.faq)\nو این تنها برنامه رسمی منتشر شده در فروشگاه گوگل پلی است.\nاگر برنامه دیگری با نماد و نام ما پیدا کردید، آن را به عنوان جعل هویت گزارش کنید و آن را بررسی کنید.\n\nبرنامه های ما را فقط می توان در [سایت رسمی] پیدا کرد\n(https://vancedapp.com)."
    },
    {
      "title": "چرا یوتیوب اصلاح شده در صفحه اصلی یا کشوی برنامه نمایش داده نمی شود?",
      "description": "شما این را می خوانید زیرا از یوتیوب اصلاح شده استفاده نمی کنید یا ممکن است یوتیوب را از یک منبع غیر رسمی نصب کرده باشید.\nفقط از مدیریت کننده یوتیوب استفاده کنید!\n\nمی توانید با خیال راحت مدیریت کننده یوتیوب را از:\n- سایت رسمیhttps://vancedapp.com><https://vancedapp.co>\n-[سایت گیت هاپ]\n(https://github.com/YTVanced/VancedManager/releases/latest) دانلود کنید"
    },
    {
      "title": "چرا ویدیوها پخش نمی شوند?",
      "description": "سعی کنید برنامه را دوباره راه اندازی کنید. همچنین ممکن است به دلیل اتصال به اینترنت یا دستگاه شما باشد."
    },
    {
      "title": "چرا محدودیت 480p دارم?",
      "description": "به دلیل کووید-۱۹، گوگل از داده‌های چندین کشور استفاده و آن را محدود کرده است. این روی سرور اتفاق می‌افتد و بر کاربران یوتیوب اصلاح شده و یوتیوب اصلی نیز تأثیر می‌گذارد.",
      "fields": [
        {
          "title": "راه‌حل‌ها:",
          "content": "1. به فیلترشکن  منطقه دیگری متصل شوید.\n2. از [نسخه وب] (https://youtube.com) استفاده کنید\n3. از آنجایی که محدودیت 480p فقط برای گوشی ها است و نه تبلت ها، می توانید مدل دستگاه را در  یوتیوب اصلاح شده را تغییر دهید.\n\n#### چگونه مدل دستگاه را تغییر دهیم؟\n1.  مدیریت کننده یوتیوب را باز کنید.\n2. به تنظیمات بروید\n3. روی «تنظیمات پیشرفته» ضربه بزنید\n4. تنظیمات مخفی را فعال کنید:\n  - به پایین اسکرول کنید و روی بخش «درباره» ضربه بزنید تا پیامی دریافت کنید مبتنی بر این که گزینه های مخفی فعال شده اند.\n5. به «Codec override» بروید\n6. سازنده را روی «سامسونگ» و مدل را روی «SM-T865» تنظیم کنید.\n7. برنامه را مجدداً راه اندازی کنید.\n\nپس از راه اندازی مجدد، محدودیت 480p باید از بین برود."
        }
      ]
    },
    {
      "title": "چگونه اعلان microG را مخفی کنیم?",
      "description": "برای مخفی کردن اعلان microG،\n\n1. می توانید بهینه سازی باتری را برای یوتیوب microG غیرفعال کنید و دستگاه خود را راه اندازی مجدد کنید.\n\n2. اگر روش بالا جواب نداد، اعلان‌های microG را با نگه داشتن روی آن غیرفعال کنید \n\n> غیرفعال کردن اعلان‌های برنامه را می‌توان به روش‌های مختلفی بسته به رابط کاربری اندروید انجام داد. اگر نمی دانید چگونه آن را غیرفعال کنید، سعی کنید از گوگل برای یادگیری نحوه غیرفعال کردن آن استفاده کنید."
    },
    {
      "title": "آیا 1440p در صفحه نمایش 1080p من بهتر به نظر می رسد?",
      "description": "بله، اما فقط در صورتی که نسبت ویدیو چیزی شبیه به 18:9، 21:9، ... باشد، می‌توانید برای تأیید، «آمار » را در تنظیمات > عمومی فعال کنید.\n\nبرای فعال کردن وضوح بالاتر، به تنظیمات پیشرفته > تنظیمات ویدیو بروید و «حداکثر وضوح» را روشن کنید و سپس برنامه را مجدداً راه‌اندازی کنید."
    }
  ]
}
