{
  "data": [
    {
      "title": "ബഗുകൾ എങ്ങനെ റിപ്പോർട്ടുചെയ്യാം?",
      "description": "ഞങ്ങളുടെ [Github Issue Centre] (https://github.com/YTVanced/Vanced#vanced-issue-center) ൽ പ്രശ്നങ്ങൾ സൃഷ്ടിച്ചുകൊണ്ട് നിങ്ങൾക്ക് ബഗുകൾ റിപ്പോർട്ട് ചെയ്യാൻ കഴിയും.\n\nനിങ്ങളുടെ പ്രശ്നം തുറക്കുന്നതിന് മുമ്പ് നിങ്ങളുടെ പ്രശ്നം ഇതിനകം റിപ്പോർട്ടുചെയ്തിട്ടുണ്ടോയെന്ന് പരിശോധിക്കാൻ നിലവിലുള്ള പ്രശ്നങ്ങൾ പരിശോധിക്കുന്നത് ഉറപ്പാക്കുക!",
      "fields": [
        {
          "title": "എന്റെ പ്രശ്നം എപ്പോൾ അവലോകനം ചെയ്യും?",
          "content": "പുതിയ സവിശേഷതകൾ സൃഷ്ടിക്കുന്നതിനും നിരവധി പ്രശ്നങ്ങൾ പരിഹരിക്കുന്നതിനും ഡവലപ്പർമാർ അവരുടെ സമയം ചെലവഴിക്കുന്നു, ഓരോരുത്തർക്കും പൂർത്തിയാക്കാൻ കുറച്ച് സമയമെടുക്കും.\nനിങ്ങൾ ഇറുകിയാൽ മതി\nകാത്തിരിക്കുക. നിങ്ങളുടെ പ്രശ്നം എത്രയും വേഗം അവലോകനം ചെയ്യും."
        },
        {
          "title": "ഞാൻ എങ്ങനെ ഒരു ലോഗ്കാറ്റ് എടുക്കും?",
          "content": "For non-root users:\nYou will need a PC to take `logcat` outputs. Here is a [text guide](https://github.com/YTVanced/Vanced#creating-a-logcat-using-the-android-debug-bridge-adb-on-your-pc) and a [video guide](https://youtu.be/ICLpwgsJJP0).\n\nFor root users:\nYou don't need a PC for this, please follow [the instructions](https://github.com/YTVanced/Vanced#creating-a-logcat-using-termux-on-your-rooted-android)."
        },
        {
          "title": "നിങ്ങളുടെ ബഗ് യുഐയുമായി ബന്ധപ്പെട്ടതാണോ?",
          "content": "യുഐയുമായി ബന്ധപ്പെട്ട ബഗുകൾക്കായി, നിങ്ങൾക്ക് കൂടുതൽ നടപടികളെടുക്കും.\n\n[ഡവലപ്പർ അസിസ്റ്റന്റ്] (https://play.google.com/store/apps/details?id=com.appsisle.developerassistant) ഇൻസ്റ്റാൾ ചെയ്ത് സജ്ജമാക്കുക.\nഅതിനുശേഷം, വാൻ‌സെഡിലേക്ക് പോയി ബഗ് പുനർനിർമ്മിക്കുക, തുടർന്ന് ഡവലപ്പർ അസിസ്റ്റന്റിനെ പ്രവർത്തനക്ഷമമാക്കി ലേ Layout ട്ട് വ്യൂവർ തുറക്കുക.\n\nഇപ്പോൾ ഈ ഘട്ടങ്ങൾ പാലിക്കുക:\n1. ബഗ് സ്ക്രീനിൽ കാണിക്കുന്നുണ്ടെന്ന് ഉറപ്പാക്കുക.\n2. ബഗ് ബാധിച്ചതായി നിങ്ങൾ കരുതുന്ന ഘടകത്തിൽ ടാപ്പുചെയ്യുക.\n3. `എലമെന്റ്`,` ശ്രേണി` ടാബുകളിലേക്ക് പോയി p ട്ട്‌പുട്ടുകൾ സ്‌ക്രീൻഷോട്ട് ചെയ്യുക.\n4. നിങ്ങളുടെ ലക്കത്തിൽ ആ സ്ക്രീൻഷോട്ടുകൾ ഉൾപ്പെടുത്തുക."
        }
      ]
    }
  ]
}
