{
  "data": [
    {
      "title": "Як паведаміць аб памылках?",
      "description": "Вы можаце паведамляць пра памылкі, ствараючы праблемы ў нашым [Github Issue Center](https://github.com/YTVanced/Vanced#vanced-issue-center).\n\nАбавязкова прагледзіце існуючыя праблемы, каб праверыць, ці паведамлялася пра вашу праблему, перш чым адкрыць яе!",
      "fields": [
        {
          "title": "Калі маё пытанне будзе разгледжана?",
          "content": "Распрацоўшчыкі шкадуюць свой час на стварэнне новых функцый і выпраўленне многіх праблем, і кожная можа заняць некаторы час, каб скончыць.\nТрэба проста сядзець і чакаць. Ваша пытанне будзе разгледжана як мага хутчэй."
        },
        {
          "title": "Як мне зрабіць logcat?",
          "content": "Для карыстальнікаў non-root:\nВам спатрэбіцца ПК, каб атрымаць выхады `logcat`. Вось [тэкставае кіраўніцтва](https://github.com/YTVanced/Vanced#creating-a-logcat-using-the-android-debug-bridge-adb-on-your-pc) і [відэагід] (https://youtu.be/ICLpwgsJJP0).\n\nДля карыстальнікаў root:\nДля гэтага вам не патрэбен ПК, выконвайце [інструкцыі](https://github.com/YTVanced/Vanced#creating-a-logcat-using-termux-on-your-rooted-android)."
        },
        {
          "title": "Ваша памылка звязана з інтерфейсам?",
          "content": "Для памылак, звязаных з інтэрфейсам, вам трэба будзе зрабіць дадатковыя крокі.\n\nУсталюйце і наладзьце [Памочніка распрацоўшчыка](https://play.google.com/store/apps/details?id=com.appsisle.developerassistant).\nПасля гэтага перайдзіце ў Vanced і прайграйце памылку, затым адкрыйце прагляд макета, запусціўшы памочніка распрацоўшчыка.\n\nЦяпер выканайце наступныя дзеянні:\n1. Пераканайцеся, што памылка адлюстроўваецца на экране.\n2. Націсніце на элемент, які, на вашу думку, закранула памылка.\n3. Перайдзіце на ўкладкі «Элемент» і «Іерархія» і зрабіце здымак экрана вынікаў.\n4. Уключыце гэтыя скрыншоты ў свой выпуск."
        }
      ]
    }
  ]
}
