{
	"data": [
		{
			"title": "Basic troubleshooting",
			"description": "A) Wipe data and cache of \n\n(I) Vanced/Vanced Music and microG for Non-Root Variant\n(II) Vanced/Vanced Music and Google Play Services for Root Variant\n\nB) Reinstall YouTube Vanced\n\nIMPORTANT NOTICE: Reboot between processes"
		},
		{
			"title": "Login issues",
			"description": "Below are some of the common errors with their screenshots so that you can get to know which solution you have to follow.",
			"fields": [
				{
					"title": "If you're getting an error saying \"please check your internet connection\"",
					"content": "Please follow this video guide: https://youtu.be/S5sTXRTrD5Y. Try clearing microG's app data too."
				},
				{
					"title": "If you are facing issues relating to login saying, \"You're offline, explore downloads\"",
					"content": "1. Clear DATA of both Vanced microG and Google Play services\n2. UNINSTALL both \"Vanced microG\" and Vanced.\n\n3. Reboot if you want.\n\n4. Reinstall both APKs[microG and Vanced) but make sure you install microG before you install Vanced. Install via Vanced Manager or sai using files provided in #installation note in group\n\n5. Now login.\n\nNOTE: If you're still having issues with Vanced giving connection errors (even after installing microG first), receiving notifications, etc, make sure you disable battery optimization for the Vanced and microG app. \n\nInstructions to do so vary on your device manufacturer. You can folloe guides like https://dontkillmyapp.com or search it up."
				},
				{
					"title": "If Vanced logs out of your Google account",
					"content": "It happens because your device OS' heavy battery optimization killing microg services/activities which are responsible for logins.\n\nTo fix this, disable battery optimization for microG using https://dontkillmyapp.com OR searching it up"
				},
				{
					"title": "For users who are using Gsuite account on Non-Root version of vanced and facing connection issues frequently (errors like \"You are offline\", \"Please check your internet\", etc)",
					"content": "•Log into your Gsuite account [admin console](https://admin.google.com/)\n\n• Search for device management\n\n• Go to setup and disable \"Mobile Management\"\n\n• That's it and it will get fixed."
				},
				{
					"title": "Huawei workaround 1",
					"content": "Use the Huawei spoof button when signing in wih latest available vanced microG using vanced manager."
				},
				{
					"title": "Huawei workaround 2",
					"content": "For those who updated microG to most recent version but now are facing login issues\n\n1. Uninstall current installed Vanced microG.\n\n2. Download \"Vanced microG 0.2.12.203316 version\" from mega cloud storage mirror [Link to Vanced microG](https://del.dog/vancedv15above)\n\n3. You should be able to login now."
				},
				{
					"title": "Huawei workaround 3",
					"content": "1. Uninstall both vanced and microG if you already installed. Then reinstall only microG(latest available)\n\n2. Then open microG app settings\n\n3. Turn off both \"Google Cloud Messaging\" and \"Google device registration\".\n\n4. Add your account through microG itself.\n\n5. Then install Vanced."
				},
				{
					"title": "Huawei workaround 4",
					"content": "1. First, install the old Vanced microG version{particularly microg_YouTube_Vanced_0.2.4-105_16052019_2.apk using [this link](https://www.mediafire.com/file/4mw2q6ajq85g2io/microg_YouTube_Vanced_0.2.4-105_16052019_2.apk/file)}. Make sure to uninstall the current version to install the above version and save the latest APK file as you will be needing it later.\n\n2. Then open YouTube Vanced and try logging in again until it shows the error message. Try to reload it by tapping the error message. \n\n3. Now install the newer microG version again and restart vanced. It should be logged in again and everything should work again.\n\nNOTE: Now make sure u disable battery optimization for both microG and vanced using https://dontkillmyapp.com otherwise your device software might kill microG and you might have to repeat all above steps again to fix login."
				}
			]
		},
		{
			"title": "Vanced Manager",
			"fields": [
				{
					"title": "For Vanced manager stuck on logo/crash issue",
					"content": "Clear app data of manager > Turn internet off > Open manager app > Turn internet on."
				},
				{
					"title": "INSTALL_FAILED_INVALID_APK: No packages staged",
					"content": "Install the stock yt from play store then update vanced over it using vanced manager."
				},
				{
					"title": "If latest vanced manager gets stuck at \"Please be patient\" screen, do this",
					"content": "Install the stock yt from play store then update vanced over it using vanced manager."
				},
				{
					"title": "If you face \"Error downloading Microg/Vanced\" or installation got stuck while installing microg/vanced app",
					"content": "Clear manager app data then continue installing and DON'T SWITCH TO OTHER APPS UNTIL IT COMPLETES THE PROCESS."
				}
			]
		},
		{
			"title": "Notification fix",
			"description": "For notification fix, a white background or Vanced not appearing under \"Google Cloud Messaging\", see below",
			"fields": [
				{
					"title": "For Non-Root",
					"content": "1. Install Vanced microG first then YouTube Vanced.\n\n2. Login with your Google account\n\n3. \na) Disable battery optimization for microg(the guide dontkillmyapp.com is suggested).\n\nb)**Open \"Vanced microG\" additional settings then continue on with this guide:\n\ni) https://youtu.be/Q-5YFmFWVok"
				},
				{
					"title": "If Vanced is not showing up under GCM or it shows up as unregistered",
					"content": "Try EITHER of the following:\n\n1. Remove your google account from account settings. The account used by vanced has old Blue background color with small g logo.\n\n2. Clear data of microG then login. \n\nOR\n\nIf above workaround doesn't work, reinstall vanced."
				},
				{
					"title": "For Root",
					"content": "Make sure \"Scheduled Digest\" is off in youtube settings and your notifications sounds are correct and set.\n\nYou can try using \"notification manager\" app which keeps track of all your notification at one place so in case if you are dismissing your notifications, you can access the same again from that app."
				},
				{
					"title": "If you face errors like \"Operation failed because apk files are invalid/corrupt\"",
					"content": "• Head to manager settings and clear downloaded files\\n\\n• Then clear manager app data then continue installing vanced."
				}
			]
		},
		{
			"title": "Force closing issues",
			"description": "If Vanced app is crashing/force closing on startup",
			"fields": [
				{
					"title": "Nonroot",
					"content": "1) If the non-root Vanced app is force closing before installing MicroG, uninstall both Vanced app and MicroG. Then install MicroG first, then Vanced. The issue should be fixed.\n\n2) If the non-root Vanced app is force closing without installing microg, install microg. [If you don't want to login, don't login and only install microg apk as vanced has a dependency on microg for connecting with Google services]"
				},
				{
					"title": "Root",
					"content": "1) If your root version of Vanced is force closing upon opening the app, uninstall stock YouTube app updates. If this doesn't help, disable/uninstall your substratum/swift themes overlays.\nAt last resort, if nothing helps, give the community/staff a logcat.\n\n2) If your root version of Vanced is force closing in middle of app when it's in foreground/active or playing a video, grab your logcats and find:\n\n(a)- Unsatisfiedlinkerror: \nSol:- Open file manager and go to root storage.\nThen open \"system/app/youtube/lib\" OR \"Data/app/com.google.android.youtube/lib\" and rename \n\narm64-v8a to arm64\n\narmeabi-v7a to arm\n\nand it will get fixed.\n\nAlso, if both \"arm and arm64\" are not there in that directory above, try getting both from official YT apk or ask your friends and extract it there in that directory\n\n(b)- Notehitelisted \"com.google.android.youtube\":\nSol:- Check whitelisting from here(todo)\n\nIf you don't know how to get logs, check bugreport note"
				},
				{
					"title": "If Vanced crashes in the middle of playback (when playing in background mode)",
					"content": "Since this issue is only caused by aggressive battery optimization present in various OEM skins such as MIUI, Emui, ColorOS, etc..., it is recommended to disable battery optimization for both Vanced and MicroG app. \n\nInstructions to do so vary on your device manufacturer, so we can’t really assist with helping you disable it. You can try using a site like \"dontkillmyapp.com\", OR using Google and searching “[phone manufacturer] [phone model] [Android version] disable battery optimization”\n\nHowever, if you still have this issue, provide #bugreport on telegram or in discord with the details it requires and logs must be there so that Mods can take a look what's actually causing. Also, make sure to grab logs specific to vanced, NOT your whole SYSTEM."
				}
			]
		},
		{
			"title": "Uninstall on reboot",
			"description": "If the root version of YouTube Vanced/ YouTube Music Vanced is disappearing/uninstalling/reverting back to stock on reboot,\n\nWe have 2 solutions available for you",
			"fields": [
				{
					"title": "Solution 1",
					"content": "Stick to the non-root version until the devs fix this."
				},
				{
					"title": "Solution 2",
					"content": "REQUIREMENTS: \n\nVanced Manager 2.1.0 or newer\nA root manager like Es File Explorer or Root Browser\nStep 1: Go into /data/adb/service.d/ and edit the script Music.sh and or Vanced.sh\n\nThey both should look like something similar to this :\n\nwhile  [ \"`getprop sys.boot_completed | tr -d '\n'`\" != \"1\" ] ; do sleep 1; done \n\nStep 2: Change value of  \"do sleep 1; done\"   to   \"do sleep 2; done\"\n\nStep 3: Reboot or Restart Device\n\nIf that doesn't work try to add more sleep time between do & done\n\n——————————————————\n\nif that doesn't work, maybe your device need more time before it mounts root vanced youtube/music apk.\njust modify vanced.sh and or music.sh, \ninsert a new sleep line between 'while' and 'mount' line like:\n\n#!/system/bin/sh\nwhile [ \"`getprop sys.boot_completed | tr -d '\n' `\" != \"1\" ]; do sleep 1; done\nsleep 10\nmount -o bind /data/adb/Vanced/base.apk /data/app/com.google.android.youtube-...."
				},
				{
					"title": "If Vanced crashes in the middle of playback (when playing in background mode)",
					"content": "Since this issue is only caused by aggressive battery optimization present in various OEM skins such as MIUI, EMUI, ColorOS, etc..., it is recommended to disable battery optimization for both Vanced and MicroG app. \n\nInstructions to do so vary on your device manufacturer, so we can’t really assist with helping you disable it. You can try using a site like \"dontkillmyapp.com\", OR using Google and searching “[phone manufacturer] [phone model] [Android version] disable battery optimization”\n\nHowever, if you still have this issue, provide #bugreport on telegram or in discord with the details it requires and logs must be there so that Mods can take a look what's actually causing. Also, make sure to grab logs specific to vanced, NOT your whole SYSTEM."
				}
			]
		},
		{
			"title": "Advertisements in Vanced",
			"description": "If you are seeing ads in YouTube Vanced or Vanced Music, read this by xfileFIN:\n\n> I need to get it myself to track it down. As simple layout hiding won't work for that.\nNot sure how they decide who gets them, it's all server side.\nWhat I do know is that I can't just hide the layout because the same layout is used for the actual videos as well. The code just decides whether or not it shows the ad badge.\nWell I could easily hide the ad badge but it would still show the actual ad video, just without labeling it as ad.\nI need to get the ad myself to track it down in the code since obfuscation makes it hard.\n\nThe home screen and search ads (added by Google) are region based and will not be shown if you’re not in the region it’s active in. Those advertisements are not added by vanced team in any way so if you point your finger at us, we would laugh at you. \n\nDevs already know that you are getting ads in your region. Please wait patiently for updates till all ads gets blocked. Until then, enjoy vanced and don't spam chat with same.\n\nThe temporary solution to fix it would be clearing data and cache of the app or waiting for future updates.",
			"fields": [
				{
					"title": "Solution 1",
					"content": "Stick to the non-root version until the developers fix this."
				},
				{
					"title": "Solution 2",
					"content": "REQUIREMENTS: \n\nVanced Manager 2.2.0 or newer\nStep 1: Go to manager settings > Root Script Sleep Time (you should be on root mode for this option to appear) and set the value to 2 > hit save, reboot and see if Vanced/Music still disappear. If they still disappear try adjusting the value until they stick after reboot"
				}
			]
		},
		{
			"title": "History",
			"description": "If you are facing issues where videos watched/search results are not getting recorded by Vanced i.e., history being not working, this is how you get the history working:\n\n• For users who are rooted regardless of which variant (Non-Root or Root) you are using,\n\n> Make sure you whitelist *s.youtube.com in your Ad-Blocker.\n\n⚠️NOTE for Adaway users: If whitelisting the URL didn't work for you, tap on \"host sources\" and untick \"stevenblack\" and apply, then reboot and your history will work.⚠️\n\n• For Non-Root users:\n\n> Make sure you're on v14.10.53 or higher for the app to save your watch history. If history still doesn't update, then you need to merge your brand account in (YouTube Settings-https://www.youtube.com/account_advanced) to get history working. (Merging process will clean the current history.)\n\n⚠️NOTE for Adaway users using VPN Ad-Blocking instead of root based Ad-Blocking: If you are not using brand account, make sure to whitelist *s.youtube.com url in allowed list then apply the changes.⚠️"
		},
		{
			"title": "APP loading issues",
			"description": "If you are facing issues where videos watched/search results are not getting recorded by Vanced i.e., history being not working, this is how you get the history working:\n\n• For users who are rooted regardless of which variant (Non-Root or Root) you are using,\n\n> Make sure you whitelist *s.youtube.com in your Ad-Blocker.\n\n⚠️NOTE for Adaway users: If whitelisting the URL didn't work for you, tap on \"host sources\" and untick \"stevenblack\" and apply, then reboot and your history will work.⚠️\n\n• For Non-Root users:\n\n> Make sure you're on v14.10.53 or higher for the app to save your watch history. If history still doesn't update, then you need to merge your brand account in [YouTube Settings](https://www.youtube.com/account_advanced) to get history working. (Merging process will clean the current history.)\n\n⚠️NOTE for Adaway users using VPN Ad-Blocking instead of root based Ad-Blocking: If you are not using brand account, make sure to whitelist *s.youtube.com url in allowed list then apply the changes.⚠️"
		},
		{
			"title": "Picture-in-Picture issues",
			"fields": [
				{
					"title": "If Vanced got stuck on splash screen",
					"content": "1. Switch Airplane mode on.\n2. Open Youtube Vanced.\n\n3. Tap on close in changelog popup.\n4. Turn off Airplane mode.\n5. Reopen vanced.\n\nThanks to rocco6victorFrom XDA"
				},
				{
					"title": "If Vanced keeps on loading infinitely",
					"content": "1. Disable battery optimization for both YouTube Vanced and microG app using dontkillmyapp.com then reboot your device.\n2. It should get fixed now."
				}
			]
		},
		{
			"title": "App download issues",
			"description": "⚠️Please don't report PIP related issues.⚠️\n• Pip is controlled by system as Vanced uses android native pip. Blame ROM for any issues with your PIP.\nOther apps like MX Player, VLC, etc uses its own PIP instead of android native hence they will never face such issues which persist in apps using native.\n\n• PIP is available for android 8 and above only.\n\n• To enable PIP, Open YT app settings > general > enable pip\n\n> To enable pip in MIUI, you have to make sure this setting is on:\nPrivacy protection->manage->special app accesss->picture-in-picture\n\nOn latest V15.43.32, pip is stock yt bug so please wait for Google to fix it fully first."
		},
		{
			"title": "Detach",
			"fields": [
				{
					"title": "Workaround 1",
					"content": "In case the detach methods listed above doesn't work for you, you can try the ones down below:\n\nUsing Titanium backup app(needs pro version)\n\n• Open titanium backup \n\n• Search for youtube and Click on it \n\n• Swipe left to access special features \n\n• Click on Attach to market \n\n• Then again go to special features \n\n• Click on 'detach from market' \n\n• Done"
				},
				{
					"title": "Workaround 2",
					"content": "NOTE: Auto-Updates must be disabled in play store before doing this.\n\n1. Create \"Detach.txt\" in the following location /sdcard/ (equivalent to /storage/emulated/0/) write \"YouTube\" in that text file without quotes. You can also download the Detach.txt from Magisk module name Detach and remove the # in front of YouTube.\n\n2. Flash Detach module in Magisk manager.\n\n3. Flash Daily Job Scheduler (djs) in Magisk manager.\n\n4. Reboot\n\n5. Open Terminal and type \"su -c detach -t\" and set it to run once every hour.\n\n6. Done!\n\nPlay Store updates its database file on a random rhythm, sometimes several times a day. Once in a while (like once every two weeks), Play Store will show an update for Youtube, but it will go away when the script has run again by djs."
				}
			]
		},
		{
			"title": "Fix For SAI/Vanced Manager errors",
			"description": "You can use any of the workarounds listed below to remove the YouTube app from the market.",
			"fields": [
				{
					"title": "Workaround 1(Recommended)",
					"content": "\n\nUsing [TeMiFi app](https://forum.xda-developers.com/t/app-tool-temefi-comprehensive-system-administration.3806260), Make sure the YouTube Vanced is a user app as this method won't work if Vanced is installed as a system app.\n\nIn TeMeFi select > Give root permissions > Tap on Application info > Detach package from play store > DETACH: Select package then protection level v5 > Select YouTube with package name \"com.google.android.youtube\" > Tap on 3. Invalidate the data, block any attempt.... > Yes, I accept full responsibility"
				},
				{
					"title": "INSTALL_FAILED_UPDATE_INCOMPATIBE",
					"content": "\n\nUsing Titanium backup app(needs pro version)\n\n• Open titanium backup \n\n• Search for youtube and Click on it \n\n• Swipe left to access special features \n\n• Click on Attach to market \n\n• Then again go to special features \n\n• Click on \"detach from market\" \n\n• Done"
				},
				{
					"title": "Workaround 3",
					"content": "NOTE: Auto-Updates must be disabled in play store before doing this.\n\n1. Create \"Detach.txt\" in the following location /sdcard/ (equivalent to /storage/emulated/0/) write \"YouTube\" in that text file without quotes. You can also download the Detach.txt from Magisk module name Detach and remove the # in front of YouTube.\n\n2. Flash Detach module in Magisk manager.\n\n3. Flash Daily Job Scheduler (djs) in Magisk manager.\n\n4. Reboot\n\n5. Open Terminal and type \"su -c detach -t\" and set it to run once every hour.\n\n6. Done!\n\nPlay Store updates its database file on a random rhythm, sometimes several times a day. Once in a while (like once every two weeks), Play Store will show an update for Youtube, but it will go away when the script has run again by djs."
				},
				{
					"title": "Workaround 4",
					"content": "Switch to Non-Root variant of Vanced. This workaround should only be used as a last resort if all of the other options fail!"
				}
			]
		},
		{
			"title": "Live-Stream issues",
			"description": "Solution: Follow this guide > https://youtu.be/R9asMVCQkAU. Also, disable your external ad-blockers/vpn/proxy/custom settings in vanced. Keep stock settings if you don't wanna see any issues.",
			"fields": [
				{
					"title": "INSTALL_FAILED_VERSION_DOWNGRADE",
					"content": "Uninstall stock yt updates. Make sure Stock YouTube version is lower than vanced version you are installing now."
				},
				{
					"title": "INSTALL_FAILED_UPDATE_INCOMPATIBE",
					"content": "Just uninstall any vanced app that you have installed from any other source then install vanced.  Otherwise uninstall \"vanced microG\" > reboot device > then install vanced microG first then Vanced. If error still comes, use SAI to install the vanced split apks manually. These apk files are located in \n\"android / data / com.vanced.manager / files / vanced / nonroot / \""
				},
				{
					"title": "INSTALL_PARSE_FAILED_NOT_APK",
					"content": "Change the language of your phone from Indonesian to English then install vanced. After installing, you can change language back to Indonesian. If your device isn't using Indonesian language, make sure language is properly selected in Vanced manager which you wanna install with YouTube Vanced."
				},
				{
					"title": "INSTALL_FAILED_NO_MATCHING_ABIS",
					"content": "Download legacy version instead of default"
				},
				{
					"title": "INSTALL_FAILED_INVALID_APK: Split config.en was defined multiple times",
					"content": "Try removing one split_config.en apk from apks file then install\n(Apks file is just a zip file so you can easily remove the apk from it)"
				},
				{
					"title": "INSTALL_FAILED_DUPLICATE_PERMISSION",
					"content": "Uninstall microG > reboot > install vanced via sai > install microG\n\nIf microG doesn't install, install microG too via SAI."
				},
				{
					"title": "Unable to install the app because it conflicts with an already installed app with same package name",
					"content": "Uninstall microG > reboot > install vanced via sai > install microG via apk package installer\nIf microG doesn't install, install microG too via SAI."
				},
				{
					"title": "APP IS INCOMPATIBLE WITH THIS DEVICE",
					"content": "Download the legacy architecture files when downloading vanced files from official vanced mirrors instead of default architecture."
				},
				{
					"title": "INSTALL_PARSE_FAILED_NO_CERTIFICATES",
					"content": "It seems like you didn't read instructions properly and installed vanced without disabling signature verification. or you tried some method which didn't give any positive result, so the solution to both is to disable signature verification using the best method/alternative to what you used before or just use our [vanced manager](https://vancedapp.com) which doesn't require you to disable signature verification."
				},
				{
					"title": "INSTALL_FAILED_INVALID_INSTALL_LOCATION",
					"content": " Please head to your device settings > developer options and turn off \"force allow apps on external\" then install the Vanced app in SAI."
				},
				{
					"title": "INSTALL_FAILED_USER_RESTRICTED: Install canceled by user",
					"content": "Unknown sources install is protected per service in your MIUI devices Please go to your device settings and enable unknown sources for SAI and issue will get solved and you will be able go install Vanced."
				},
				{
					"title": "INSTALL_FAILED_INTERNAL_ERROR: Permission Denied",
					"content": "Disable MIUI optimization from your device developer options."
				}
			]
		},
		{
			"title": "Whitelisting",
			"description": "If you face crashes on YouTube Vanced root variants for whitelisting causes, you can try this guide from this link(https://www.xda-developers.com/how-to-fix-device-not-certified-by-google-error) and see if it solves for you.\n\n Alternatively, if link didn't helps, clean flash your ROM to fix this issue or check with a different ROM."
		},
		{
			"title": "Black screen video fix",
			"description": "Solution: clearing data of Youtube Vanced and subsequently reinstalling it should fix the issue. If it doesn't, try a Reboot &\nCheck if black screen issue solves. \n\nIf problem persist, factory reset your device or change the ROM."
		},
		{
			"title": "Content Restrictions",
			"description": "In English it is callled \"restricted mode\"\nIn arabic it is called \"وضع تقييد المحتوى\"\n\nTo solve issue of lesser search results, do this\n\n1. Go to settings > General\n\n2. Find \"restricted mode\" and turn it off.\n\nIf you're in a country that Google hates, use a vpn."
		},
		{
			"title": "View count change",
			"description": "To change the view count from crores/lakhs to millions, do this:\n\n\nSolution:\n\n1. Go to settings (of your phone)\n\n2. Go to system \n\n3. Go to language preferences\n\n4. Add a language as English (US) \n\n5. Drag this language above your current one.\n\n6. Go to youtube and enjoy ⚡\n\nThanks to @ROG_OK from telegram Vanced group for finding the fix."
		},
		{
			"title": "Captions",
			"description": "If you face caption issues such as random subtitles of different languages on an english video, here's what you have to do;\nSet the caption language to your region language in your caption settings.\n\nTo access caption settings, head to device settings > accessibility > captions\n\nOr\n\nYouTube settings > captions"
		},
		{
			"title": "HDR brightness Workaround",
			"description": "Use the swiping features to turn the brightness to its maximum"
		},
		{
			"title": "Settings crashes",
			"description": "Turn off your fingerprint and go in the settings and do your setting, after it's done, turn it back on. It won't crash again after that, even if you keep going in it unless you restart your device."
		}
	]
}
