{
  "data": [
    {
      "title": "Hvordan rapporterer man fejl?",
      "description": "Du kan rapportere fejl ved at oprette issues på vores [Github Issue Center](https://github.com/YTVanced/Vanced#vanced-issue-center).\n\nSørg for at gennemse eksisterende issues for at kontrollere, om dit problem allerede er rapporteret i forvejen, før du åbner dit issue!",
      "fields": [
        {
          "title": "Hvornår vil mit problem blive gennemgået?",
          "content": "Udviklere bruger deres tid til at skabe nye funktioner og løse mange problemer, og hver kan tage et stykke tid at afslutte op. \nDu skal være tålmodig og vente. Dit problem vil blive gennemgået hurtigst muligt."
        },
        {
          "title": "Hvordan laver jeg en logcat?",
          "content": "For ikke-root-brugere:\nDu skal bruge en pc til at lave et `logcat` output. Her er en [tekst guide](https://github.com/YTVanced/Vanced#creating-a-logcat-using-the-android-debug-bridge-adb-on-your-pc) og en [video guide](https://youtu.be/ICLpwgsJJP0).\n\nFor root brugere:\nDu behøver ikke en pc til dette. Du kan følge instruktionerne (https://github.com/YTVanced/Vanced#creating-a-logcat-using-termux-on-your-rooted-android)."
        },
        {
          "title": "Er din fejl relateret til brugerfladen?",
          "content": "For UI-relaterede fejl, vil der være et par ekstra skridt.\n\nInstallér og opsæt [Developer Assistant](https://play.google.com/store/apps/details?id=com.appsisle.developerassistant).\nDerefter skal du gå til Vanced og genskabe fejlen, og derefter åbne Layout-fremviseren ved at udløse udviklerassistenten.\n\nFølg nu disse trin:\n1. Sørg for, at fejlen vises på skærmen.\n2. Tryk på det element, som du mener er påvirket af fejlen.\n3. Gå til fanerne `Element` og `Hierarchy` og tag et screenshot af outputtet.\n4. Inkluder disse screenshots i dit problem."
        }
      ]
    }
  ]
}
