{
  "data": [
    {
      "title": "Hvad er YouTube Vanced?",
      "description": "YouTube Vanced er en modificeret version af YouTube med ekstra funktioner der gør din YouTube-oplevelse bedre!\n\nDisse funktioner omfatter:\n- Baggrundsafspilning,\n- Billede i Billede (PiP), \n- Sort tema (OLED venlig),\n- Annonce fjernelse (kræver aktivering),\n- Tilsidesæt maksimal opløsning (tillad afspilning af video med en opløsning højere end din skærm),\n- . .and meget mere!\n\nFor mere information, besøg <https://vancedapp.com>"
    },
    {
      "title": "Hvor er download-knappen?",
      "description": "Selvfølgelig vil google ikke tillade en ændret version af deres egen app til at være i deres butik, så lad være med at lede efter Vanced på Google Play Butik. De apps du finder vil være falske.\n\nVanced apps kan downloades og installeres ved hjælp af Vanced Manager, som kan findes på vores officielle hjemmeside: <https://vancedapp.com> men du kan også få fat i det fra [GitHub](https://github.com/YTVanced/VancedManager/releases/latest)."
    },
    {
      "title": "Opdaterer YouTube Vanced automatisk?",
      "description": "Nej, det den gør ikke.\n\nVanced Manager vil sende dig en notifikation, når der er en.\n\nDu kan også deltage i vores [Discord Server](https://discord. g/wYrRPgv) eller følge vores [Telegram kanal](https://t.me/Vanced) for de seneste nyheder og opdaterings meddelelser."
    },
    {
      "title": "Kan Vanced downloade videoer?",
      "description": "Vanced indeholder ingen video download funktion og vil aldrig komme til det.\n\nMange videoer er tilgængelige til gratis download i [valgte lande](https://support.google.com/youtube/answer/6141269). I resten af verden kan du få YouTube Premium eller bruge en 3.parts downloader.\n\nIgen, Vanced vil ALDRIG tilføje en video downloader til appen eller noget lignende.\n\nDette har været årsagen til lukningen af mange YouTube mods tidligere, da Google ikke kan lide folk, der downloader ophavsretligt beskyttet indhold fra deres platform, så spørg ikke om det!!!"
    },
    {
      "title": "Hvorfor virker strygebevægelser ikke?",
      "description": "Hvis du har kommentarer vist nederst (gammelt layout) i Vanced indstillinger > Layout indstillinger, deaktiver det og genstarte appen. Hvis det ikke virker, tving appen til at stoppe og ryd dens data."
    },
    {
      "title": "Undertekster ikke tilgængelige?",
      "description": "Dette er ikke et problem. Ikke alle videoer har undertekster."
    },
    {
      "title": "Modtager i donationer?",
      "description": "Vi accepterer IKKE donationer!\n\nAller former for websteder, links eller indlæg der beder om donationer er falske.\n\nMen hvis du ønsker at støtte Vanced udviklere, kan du downloade Brave ved hjælp af [dette link](https://brave.com/kev231) og AdGuard ved hjælp af [dette link](https://adguard.com/en/welcome.html?aid=31141)."
    },
    {
      "title": "Hvordan får man afspillerens layout til at skjule sig automatisk?",
      "description": "Du kan konfigurere det i YouTube Vanced Indstillinger > Tilgængelighed. Hvis indstillingerne ikke åbner eller hvis det ikke virker, skal du gå til indstillingerne for adgang til din enhed og deaktivere lydforstærker, skifte adgang, live-undertekst."
    },
    {
      "title": "Hvorfor bruge opdelte APKer?",
      "description": "Fordi:\n\n1. Stadnard appen bruger den, så Vanced bruger den også.\n2. Den installerer kun de sprog, du angiver for at reducere lagerforbruget.\n3. Den har den eneste version af kerne-APK, som din enhed kræver.\n\nSelvfølgelig kan Vanced Manager eller udviklerene konvertere det til én normal APK fil, men vi er for dovne at gøre det. Du er bare nødt til at nøjes med det vi tilbyder...\n\nBare rolig dog, Vanced Manager gør alt det hårde arbejde for dig, så bare tryk på `Install` knappen."
    },
    {
      "title": "Hvorfor matcher farven på startskærmen ikke temaet? ",
      "description": "Startskærmens baggrundsfarve er taget fra Android frameworks farve for at sikre, at det ændrer sig efter systemtemaet. Du kan bruge Substratum/Swift temaer for at ændre farven."
    },
    {
      "title": "Skal jeg downloade installationsfilerne igen?",
      "description": "Filer kan blive korrupte af forskellige årsager og kan forårsage problemer bagefter. For at undgå dette, kan du vælge at downloade dem igen for at sikre, at din installation går glat."
    },
    {
      "title": "Hvorfor har root-versionen ikke mikrofon tilladelse? ",
      "description": "Det har den, hvis din Vanced er opdateret."
    },
    {
      "title": "Hvad er ExoPlayer v1?",
      "description": "Det er en ældre version af den aktuelle medieafspiller, der bruges af YouTube. Du får måske bedre ydeevne og stabilitet, hvis du bruger den."
    },
    {
      "title": "Hvordan aktiveres skjulte indstillinger?",
      "description": "I Vanced indstillinger, tryk på 'Om' sektionene 6-7 gange for at aktivere det. Dette aktiverer kun de yderligere indstillinger for video-codec."
    },
    {
      "title": "Hvordan man laver YouTube Vanced som standard app?",
      "description": "Som titlen siger, har en masse brugere spurgt mange gange, hvordan de kan gøre YouTube Vanced til standard appen til at åbne YouTube-links fra andre apps (så som browsere, besked apps og enhver anden app).\n\nFor root, behøver du ikke bekymre dig, fordi det allerede er sat som standard, da YouTube Vanced erstatter standard YouTube appen.\n\nFor ikke-root, er løsninger forskellige fra OneUI, MIUI og resten. Vi kan ikke levere løsninger til alle OS derude, og du kan have brug for at Google det selv.",
      "fields": [
        {
          "title": "OneUI brugere:",
          "content": "1. Tryk og hold nede på YouTube eller YouTube Vanced app-ikonet fra din app-skuffe.\n2. Tryk på **App info**.\n3. Find \"**Sæt som standard**\" og tryk på den.\n4. Tryk på \"**Åbn understøttede links**\" og vælg \"**Åbn i denne app**\"\n\nI ældre versioner af OneUI navnet på indstillingerne i 4. trin kan være lidt anderledes. Du skal muligvis trykke på \"**Gå til understøttede URLer**\" og vælg \"**I denne app**\".\nI den meget ældre version af OneUI 💩, kan du blive nødt til at gå til **Indstillinger** > **Apps** > *[tryk på de tre punkter i det højre hjørne]* > **Standard-apps** > **Sæt som standard**. Efter apps er blevet indlæst Find YouTube Vanced eller YouTube, og følg 4. trin..."
        },
        {
          "title": "MIUI brugere:",
          "content": "1. Åbn indstillinger\n2. Gå til **Apps**,\n3. **Administrer apps**,\n4. Tryk derefter på de tre prikker i højre hjørne,\n5. **Standard apps**,\n6. **Åbning af links**.\n7. Vent indtil alle dine apps bliver listet…\n8. Find YouTube eller YouTube Vanced og tryk på den.\n9. Tryk på \"**Åbn understøttede links**\" og vælg \"**Åbn **\""
        },
        {
          "title": "AOSP & andre brugerdefinerede brugergrænseflader (OOS, ColorOS, EMUI, etc.):",
          "content": "1. Åbn **Indstillinger**\n2. Gå til **Apps**\n3. Tryk på **Standard-apps**\n4. Find **YouTube** eller **YouTube Vanced**\n5. Tryk på \"**Gå til Understøttede URL'er **\" og vælg \"**Åbn i denne app **\" valgmulighed\n\nHvis du stadig er bekymret over dette, det kan være nødvendigt at søge efter nogle \"hvordan gør man\" artikler/videoer på [Google](https://www.google.com/search?q=hvordan+åbner+man+youtube+links+med+youtube) eller du kan installere en 3. parts app fra [Play Butikken](https://play.google.com/store/search?q=%C3%A5ben%20med&c=apps) for at slippe for besværet…"
        }
      ]
    },
    {
      "title": "Hvorfor virker root-varianten ikke med mikroG-kernen? ",
      "description": "1. Du skal mindst have [pico](https://github.com/opengapps/opengapps/wiki/Pico-Package) udgaven af GApps for at køre Vanced.\n\n2. Du kan ikke køre Vanced med microG Core fordi den har brug for Google Play Services Framework som er tilgængelig i alle GApps-pakker og er et krævet bibliotek.\n\n3. Hvis du er bekymret for dit privatliv og ikke ønsker at bruge GApps, men stadig ønsker at se YouTube uden annoncer, så er [web versionen](https://youtube.com) altid tilgængelig."
    },
    {
      "title": "Hvorfor virker casting ikke?",
      "description": "For brugere med v16.16.38 og alle over ikke-root varianter og root varianter, der bruger mikroG-baserede ROM'er, er der en fejl i upstream microG. Indtil det løser, skal du vente på opdateringer eller rulle tilbage til v15 versioner. Hvis du bruger Google Play-tjenester med root-varianter, vil du ikke have problemer med casting."
    },
    {
      "title": "Hvad er apk signering?",
      "description": "Du læser dette fordi du ikke bruger Vanced Manager eller måske har du installeret Vanced fra en uofficiel kilde. \nDet er bedre at bruge Vanced Manager!\n\nDu kan hente Vanced Manager sikkert fra:\n- [Officiel hjemmeside](https://vancedapp.com) \n- [GitHub repository](https://github. om/YTVanced/VancedManager/releases/latest)"
    },
    {
      "title": "Findes Youtube Vanced i Play butik?",
      "description": "NEJ!\nÉn gang til, du må IKKE installere eller prøve at finde falske apps med navnet \"YouTube Vanced\" eller lignende i Play Butik eller enhver anden app butik for at installere Vanced.\n\nVi har kun [Vanced Guide](https://play.google.com/store/apps/details?id=com.vanced.faq), og det er den eneste officielle app offentliggjort på Play Butik.\n\nHvis du finder en anden app med vores ikon og navn, rapporter det som en efterligning og give det en dårlig anmeldelse.\n\nVores apps kan kun findes på (https://vancedapp.com)."
    },
    {
      "title": "Hvorfor vises Vanced ikke på startskærmen eller i app-skuffen?",
      "description": "Du læser dette fordi du ikke bruger Vanced Manager eller måske har du installeret Vanced fra en uofficiel kilde. \nDet er bedre at bruge Vanced Manager!\n\nDu kan hente Vanced Manager sikkert fra:\n- Officiel hjemmeside <https://vancedapp.com> \n- [GitHub repository](https://github. om/YTVanced/VancedManager/releases/latest)"
    },
    {
      "title": "Hvorfor afspilles videoer ikke?",
      "description": "Prøv at genstarte appen. Det kan også skyldes din internetforbindelse eller din enhed."
    },
    {
      "title": "Hvorfor har jeg en grænse på 480p?",
      "description": "På grund af COVID-19 begrænser Google brugen af data i flere lande. Dette sker på serveren og påvirker både Vanced brugere og standard YouTube brugere.",
      "fields": [
        {
          "title": "Måder at omgå dette:",
          "content": "1. Forbind til en VPN i en anden region.\n2. Brug [webversionen](https://youtube.com)\n3. Da 480p begrænsningen kun er for mobilenheder og ikke tablets, kan du ændre enhedens model i YouTube Vanced for at omgå begrænsningen.\n\n#### Sådan ændres enhedens model?\n1. Åbn YouTube Vanced.\n2. Gå til Indstillinger\n3. Tryk på Vanced indstillinger\n4. Aktiver skjulte indstillinger\n - Tryk på Om sektionen, indtil du får en besked, der siger skjulte indstillinger aktiveret.\n5. Gå til Codec tilsidesættelse\n6. sæt fabrikant til Samsung og model til SM-T865.\n4. Genstart app'en\n\nEfter genstart burde 480p grænsen være væk."
        }
      ]
    },
    {
      "title": "Hvordan skjuler man mikroG notifikationen?",
      "description": "For at skjule microG notifikationen,\n\n1. Du kan deaktivere batterioptimering for Vanced microG og genstarte din enhed.\n\n2. Hvis ovenstående metode ikke virker, skal du deaktivere mikroG-notifikationer ved at holde på notifikationen, slå den fra og trykke på Gem.\n\n> Deaktivering af app-notifikationer kan ske på forskellige måder afhængigt af Android-brugergrænsefladen. Hvis du ikke ved, hvordan du deaktiverer det, så prøv at bruge Google til at lære, hvordan du deaktiverer det."
    },
    {
      "title": "Ser 1440p bedre ud på min 1080p skærm?",
      "description": "Ja, men kun hvis video forholdet er noget i retning af 18:9, 21:9, ... Du kan aktivere `statistik for nørder` i Indstillinger > Generelt for at bekræfte det.\n\nFor at aktivere højere opløsninger, gå til Vanced indstillinger > Videoindstillinger og slå \"Maks. opløsning\" til og genstart appen."
    }
  ]
}
