{
  "data": [
    {
      "title": "बग्स की रिपोर्ट कैसे करें?",
      "description": "आपको हमारी [Github मुद्दा केंद्र] पर मुद्दों बनाकर बग की रिपोर्ट कर सकते हैं (https://github.com/YTVanced/Vanced#vanced-issue-center)।\n\nनया मुद्दा खोलने से पहले यह सुनिश्चित कर ले की परेशानी पहले से रिपोर्ट न करी गई हो।",
      "fields": [
        {
          "title": "मेरे मुद्दे की समीक्षा कब होगी?",
          "content": "डेवलपर अपने खाली समय में नए फीचर और मुद्दे ठीक करते है और बहुत मुद्दे ठीक करने में समय लग सकता है।\nआप बस इंतजार करें। आपका मुद्दा जल्दी से जल्दी देखा जायेगा।"
        },
        {
          "title": "मैं एक logcat कैसे दूं?",
          "content": "गैर-रूट उपयोगकर्ताओं के लिए:\nआप `logcat` outputs लेने के लिए एक पीसी की आवश्यकता होगी। यहाँ एक [पाठ गाइड] (https://github.com/YTVanced/Vanced#creating-a-logcat-use-the-android-debug-bridge-adb-on-your-pc) और एक [वीडियो गाइड] है। (https://youtu.be/ICLpwgsJJP0)।\n\nरूट उपयोगकर्ताओं के लिए:\nइसके लिए आपको एक पीसी की आवश्यकता नहीं है। आप निर्देशों का पालन कर सकते हैं [यहाँ] (https://github.com/YTVanced/Vanced#creating-a-logcat-use-termux-on-your-rooted-android)।"
        },
        {
          "title": "आपका बग UI संबंधित है?",
          "content": "UI से संबंधित बग के लिए, आपके पास अतिरिक्त कदम उठाने होंगे।\n\nकृपया स्थापित करें और सेटअप करें [डेवलपर सहायक] (https://play.google.com/store/apps/details?id=com.appsisle.developerassistant)।\nउसके बाद, V नृत्य पर जाएं और बग को पुन: उत्पन्न करें, फिर डेवलपर सहायक को ट्रिगर करके लेआउट दर्शक खोलें।\n\nअब इन चरणों का पालन करें:\n1. सुनिश्चित करें कि बग स्क्रीन पर दिखाई दे रहा है।\n2. उस तत्व पर टैप करें जो आपको लगता है कि बग से प्रभावित है।\n3. `एलिमेंट` और` पदानुक्रम` टैब पर जाएं और आउटपुट को स्क्रीनशॉट करें।\n4. उन स्क्रीनशॉट को अपने अंक में शामिल करें।"
        }
      ]
    }
  ]
}
