{
  "data": [
    {
      "title": "How to report bugs?",
      "description": "You can report bugs by creating issues on our [Github Issue Center](https://github.com/YTVanced/Vanced#vanced-issue-center).\n\nMake sure to look through the existing issues to check if your problem was already reported before opening your issue!",
      "fields": [
        {
          "title": "When will my issue be reviewed?",
          "content": "Developers spare their time for creating new features and fixing many issues and each can take a while to finish up. \nYou just need to sit tight and wait. Your issue will be reviewed as soon as possible."
        },
        {
          "title": "How do I take a logcat?",
          "content": "For non-root users:\nYou will need a PC to take `logcat` outputs. Here is a [text guide](https://github.com/YTVanced/Vanced#creating-a-logcat-using-the-android-debug-bridge-adb-on-your-pc) and a [video guide](https://youtu.be/ICLpwgsJJP0).\n\nFor root users:\nYou don't need a PC for this, please follow [the instructions](https://github.com/YTVanced/Vanced#creating-a-logcat-using-termux-on-your-rooted-android)."
        },
        {
          "title": "Your bug is UI related?",
          "content": "For UI-related bugs, you will have extra steps to take.\n\nPlease install and setup [Developer Assistant](https://play.google.com/store/apps/details?id=com.appsisle.developerassistant).\nAfter that, go to Vanced and reproduce the bug, then open the Layout viewer by triggering the Developer Assistant.\n\nNow follow these steps:\n1. Make sure the bug is showing on the screen.\n2. Tap on the element that you think is affected by the bug.\n3. Go to the `Element` and `Hierarchy` tabs and screenshot the outputs.\n4. Include those screenshots in your issue."
        }
      ]
    }
  ]
}
