{
	"data": [
		{
			"title": "Basic troubleshooting",
			"description": "A) Wipe data and cache of \n\n(I) Vanced/Vanced Music and microG for Non-Root Variant\n\n (II) Vanced/Vanced Music and Google Play Services for Root Variant\n\nB) Reinstall YouTube Vanced\n\n> IMPORTANT NOTICE: Reboot between processes"
		},
		{
			"title": "Login issues",
			"description": "Below are some of the common errors with their screenshots so that you can get to know which solution you have to follow.",
			"fields": [
				{
					"title": "If you're getting an error saying \"please check your internet connection\"",
					"content": "Please follow this video guide: https://youtu.be/S5sTXRTrD5Y. Try clearing microG's app data too."
				},
				{
					"title": "If you are facing issues relating to login saying, \"You're offline, explore downloads\"",
					"content": "1. Clear DATA of both Vanced microG and Google Play services\n2. UNINSTALL both \"Vanced microG\" and Vanced.\n\n3. Reboot if you want.\n\n4. Reinstall both APKs[microG and Vanced) but make sure you install microG before you install Vanced. Install via Vanced Manager or sai using files provided in #installation note in group\n\n5. Now login.\n\nNOTE: If you're still having issues with Vanced giving connection errors (even after installing microG first), receiving notifications, etc, make sure you disable battery optimization for the Vanced and microG app. \n\nInstructions to do so vary on your device manufacturer. You can follow guides like https://dontkillmyapp.com or search it up."
				},
				{
					"title": "If you are getting an error that says \"Trouble connecting to Google servers\", please do either of the following to fix the issue.",
					"content": "1. Uninstall vanced microG and reinstall it again.\n\n2. Use the Huawei spoof button within microG sign-in page."
				},
				{
					"title": "If Vanced logs out of your Google account",
					"content": "It happens because your device OS' heavy battery optimization killing microG services/activities which are responsible for logins.\n\nTo fix this, disable battery optimization for microG using https://dontkillmyapp.com OR searching it up"
				},
				{
					"title": "For users who are using Gsuite account on Non-Root version of vanced and facing connection issues frequently (errors like \"You are offline\", \"Please check your internet\", etc)",
					"content": "1. Log into your Gsuite account [admin console](https://admin.google.com/)\n\n2. Search for device management\n\n3. Go to setup and disable \"Mobile Management\"\n\n4. That's it and it will get fixed."
				},
				{
					"title": "Huawei workaround 1",
					"content": "Use the Huawei spoof button when signing in with latest available vanced microG using vanced manager."
				},
				{
					"title": "Huawei workaround 2",
					"content": "For those who updated microG to most recent version but now are facing login issues\n\n1. Uninstall current installed Vanced microG.\n\n2. Download \"Vanced microG 0.2.12.203316 version\" from mega cloud storage mirror [Link to Vanced microG](https://del.dog/vancedv15above)\n\n3. You should be able to login now."
				},
				{
					"title": "Huawei workaround 3",
					"content": "1. Uninstall both vanced and microG if you already installed. Then reinstall only microG(latest available)\n\n2. Then open microG app settings\n\n3. Turn off both \"Google Cloud Messaging\" and \"Google device registration\".\n\n4. Add your account through microG itself.\n\n5. Then install Vanced."
				},
				{
					"title": "Huawei workaround 4",
					"content": "1. First, install the old Vanced microG version{particularly microg_YouTube_Vanced_0.2.4-105_16052019_2.apk using [this link](https://www.mediafire.com/file/4mw2q6ajq85g2io/microg_YouTube_Vanced_0.2.4-105_16052019_2.apk/file)}. Make sure to uninstall the current version to install the above version and save the latest APK file as you will be needing it later.\n\n2. Then open YouTube Vanced and try logging in again until it shows the error message. Try to reload it by tapping the error message. \n\n3. Now install the newer microG version again and restart vanced. It should be logged in again and everything should work again.\n\nNOTE: Now make sure u disable battery optimization for both microG and vanced using https://dontkillmyapp.com otherwise your device software might kill microG and you might have to repeat all above steps again to fix login."
				}
			]
		},
		{
			"title": "Vanced Manager",
			"fields": [
				{
					"title": "For Vanced manager stuck on logo/crash issue",
					"content": "There are 2 solutions available. \n\n 1. Clear app data of manager > Turn internet off > Open manager app > Turn the internet on. \n\n2 2. For users with RTL languages set on the device, please update your vanced manager to 2.6.0 from our official vanced website."
				},
				{
					"title": "INSTALL_FAILED_INVALID_APK: No packages staged or vanced manager gets stuck at \"Please be patient\" screen, do this",
					"content": "Install the stock YouTube app from the play store then update vanced over it using vanced manager. Make sure you have the latest release of vanced manager from our [official website](https://vancedapp.com) and 21.4+ of magisk"
				},
				{
					"title": "If you face \"Error downloading microG/Vanced\" or installation got stuck while installing microG/vanced app",
					"content": "Clear manager app data then continue installing and DON'T SWITCH TO OTHER APPS UNTIL IT COMPLETES THE PROCESS."
				},
				{
					"title": "If you face errors like \"Operation failed because apk files are invalid/corrupt\"",
					"content": "\n\n • Head to manager settings and clear downloaded files. \n\n • Then clear manager app data then continue installing vanced."
				}
			]
		},
		{
			"title": "Package conflict error after updating to Android 11 (INSTALL_FAILED_UPDATE_INCOMPATIBLE)",
			"description": "This happens to users with OneUI and Oxygen OS when they update their system from android 10 to android 11, some custom ROMs faced it too,\n\nHence we have 3 solutions available for you",
			"fields": [
				{
					"title": "If you are not rooted, use ADB",
					"content": "1. Install Android Debug Bridge using this [Guide](https://www.xda-developers.com/install-adb-windows-macos-linux). \n\n2. Unlock your phone. \n\n3. Enable Developer Mode (tap 10 times on Build number in Settings - About phone -Software information). \n\n4. Enable USB debugging in Settings - Developer options. \n\n5. Connect your phone to PC. \n\n6. Open Command Prompt (CMD) and change directory: \"cd C:/Windows/adb/\" and press Enter. \n\n7. As your phone is connected and CMD is open, in CMD run command \"adb devices\". There will be a prompt on your phone, something like \"Would you like to connect your phone to PC?\" Press Yes. \n\n8. Run cmd command \"adb uninstall com.vanced.android.youtube\". \n\n9. After this you may install Vanced Manager and install the latest version of YouTube Vanced"
				},
				{
					"title": "If you are rooted,",
					"content": "1. Use root explorer and navigate to root storage. \n\n2. Then find this folder when you are installing YT Vanced  \"data/app/com.vanced.android.youtube-....\" or when you are installing YT Music \"com.vanced.android.apps.youtube.music-....\"  \n\n3. If you found such folders, just delete them then continue installing YT Vanced or YT music via Vanced Manager."
				},
				{
					"title": "This solution is for YouTube Music Vanced only, not for YouTube Vanced",
					"content": "Try manually updating YouTube Music Vanced through the APK file using [this link](https://del.dog/vancedv15above)."
				},
				{
					"title": "If both of the above methods fail",
					"content": "Apparently, doing a factory reset can fix this error. Do this at last resort."
				}
			]
		},
		{
			"title": "Notification fix",
			"description": "For fixing notification on both non-root or root varaints, see below",
			"fields": [
				{
					"title": "For Non-Root variant",
					"content": "1. Install Vanced microG first then YouTube Vanced.\n\n2. Login with your Google account\n\n3. Disable battery optimization for Vanced microG(the guide dontkillmyapp.com is suggested).\n\n4. Open \"Vanced microG\" additional settings either using vanced manager or by going into application info.\n\n5. Then continue on with this [guide](https://youtu.be/Q-5YFmFWVok)."
				},
				{
					"title": "For Root variant",
					"content": "Make sure \"Scheduled Digest\" is off in youtube settings and your notifications sounds are correct and set.\n\nYou can try using \"notification manager\" app which keeps track of all your notification at one place so in case if you are dismissing your notifications, you can access the same again from that app."
				}
			]
		},
		{
			"title": "If YouTube Vanced is not showing up under Google Cloud Messaging(GCM) or it shows up as unregistered",
			"description": "Try EITHER of the following:\n\n1. Remove your microg account from account settings. The account used by vanced has a dark grey background with G logo on it. \n\n2. Clear data of microG then login. \n\nOR\n\nIf above workaround doesn't work, reinstall vanced."
		},
		{
			"title": "Force closing issues",
			"description": "If Vanced app is crashing/force closing on startup",
			"fields": [
				{
					"title": "Nonroot",
					"content": "1) If you installed YouTube vanced before vanced microG app, uninstall both YouTube vanced and vanced microG. Then install vanced microG first, then Vanced and vanced will stop force closing.\n\n2) If you didn't install vanced microG, please install it and force closing will stop. [Don't log in if you don't want to]"
				},
				{
					"title": "Root",
					"content": "1) If your root version of Vanced is force closing upon opening the app, uninstall stock YouTube app updates. If this doesn't help, disable/uninstall your substratum/swift themes overlays.\nAt last resort, if nothing helps, give the community/staff a logcat.\n\n2) If your root version of Vanced is force closing in middle of app when it's in foreground/active or playing a video, grab your logcats and find:\n\n(a)- Unsatisfiedlinkerror: \nSol:- Open file manager and go to root storage.\nThen open \"system/app/youtube/lib\" OR \"Data/app/com.google.android.youtube/lib\" and rename \n\narm64-v8a to arm64\n\narmeabi-v7a to arm\n\nand it will get fixed.\n\nAlso, if both \"arm and arm64\" are not there in that directory above, try getting both from official YT apk or ask your friends and extract it there in that directory\n\n(b)- Notehitelisted \"com.google.android.youtube\":\nSol:- If you're experiencing crashes on YouTube Vanced root variants for whitelisting reasons, you can try this guide from [this link](https://www.xda-developers.com/how-to-fix-device-not-certified-by-google-error) and see if it helps. If Link didn't help, clean flash your ROM or test with a different ROM to resolve this issue. If you don't know how to get logs, check the bugreport template."
				},
				{
					"title": "If Vanced crashes in the middle of playback (when playing in background mode)",
					"content": "Since this issue is only caused by aggressive battery optimization present in various OEM skins such as MIUI, EMUI, ColorOS, etc..., it is recommended to disable battery optimization for both Vanced and MicroG app. \n\nInstructions to do so vary on your device manufacturer, so we can’t really assist with helping you disable it. You can try using a site like \"dontkillmyapp.com\", OR using Google and searching “[phone manufacturer] [phone model] [Android version] disable battery optimization”\n\nHowever, if you still have this issue, provide us with a bugreport on telegram group or discord server with all the necessary details and logs must be there so that Mods can take a look what's actually causing. Also, make sure to grab logs specific to vanced, NOT your whole SYSTEM."
				}
			]
		},
		{
			"title": "Uninstall on reboot",
			"description": "If the root version of YouTube Vanced/ YouTube Music Vanced is disappearing/uninstalling/reverting back to stock on reboot,\n\nWe have 2 solutions available for you",
			"fields": [
				{
					"title": "Solution 1",
					"content": "Stick to the non-root version until the developers fix this."
				},
				{
					"title": "Solution 2",
					"content": "REQUIREMENTS: Vanced Manager 2.2.0 or newer\n\n Open Vanced manager and go to settings and find Root Script Sleep Time (you should be on root mode for this option to appear).\n\n2. Then set the value to 2 > hit save, reboot and see if Vanced/Music still disappear. If they still disappear try adjusting the value until they stick after reboot"
				}
			]
		},
		{
			"title": "Advertisements in Vanced",
			"description": "If you are seeing ads in YouTube Vanced or Vanced Music, read this by xfileFIN:\n\n> I need to get it myself to track it down. As simple layout hiding won't work for that.\nNot sure how they decide who gets them, it's all server side.\nWhat I do know is that I can't just hide the layout because the same layout is used for the actual videos as well. The code just decides whether or not it shows the ad badge.\nWell I could easily hide the ad badge but it would still show the actual ad video, just without labeling it as ad.\nI need to get the ad myself to track it down in the code since obfuscation makes it hard.\n\nThe home screen and search ads (added by Google) are region-specific and will not be displayed if you are not in the region where they are active. Those advertisements were not added in any way by the Vanced team, so if you pointed a finger at us, we would laugh at you. \n\n With the v16 release, the advertisements have been fully removed. If you happen to see them in your app, please turn off any toggles you turned on mistake relating to ad removal from the vanced settings menu. You can also try clearing data and see if it resolves. When using the cast feature, note that vanced won't block ads while casting."
		},
		{
			"title": "History",
			"description": "If you are facing issues where videos watched/search results are not getting recorded by Vanced i.e., history being not working, this is how you get the history working:\n\n• For users who are rooted regardless of which variant (Non-Root or Root) you are using,\n\n Make sure you whitelist *s.youtube.com in your Ad-Blocker.\n\n> ⚠️NOTE for Adaway users: If whitelisting the URL didn't work for you, tap on \"host sources\" and untick \"stevenblack\" and apply, then reboot and your history will work.⚠️\n\n• For Non-Root users:\n\n Make sure you're on v14.10.53 or higher for the app to save your watch history. If history still doesn't update, then you need to merge your brand account in [YouTube Settings](https://www.youtube.com/account_advanced) to get history working. (Merging process will clean the current history.)\n\n> ⚠️NOTE for Adaway users using VPN Ad-Blocking instead of root based Ad-Blocking: If you are not using brand account, make sure to whitelist *s.youtube.com url in allowed list then apply the changes.⚠️"
		},
		{
			"title": "APP loading issues",
			"fields": [
				{
					"title": "If Vanced got stuck on splash screen, do this;",
					"content": "1. Switch Airplane mode on.\n2. Open Youtube Vanced.\n\n3. Tap on close in changelog popup.\n4. Turn off Airplane mode.\n5. Reopen vanced.\n\nThanks to rocco6victorFrom XDA"
				},
				{
					"title": "If Vanced keeps on loading infinitely, do this;",
					"content": "1. Disable battery optimization for both YouTube Vanced and microG app using dontkillmyapp.com then reboot your device.\n2. It should get fixed now."
				}
			]
		},
		{
			"title": "Picture-in-Picture issues",
			"description": "⚠️Please don't report PIP related issues.⚠️\n\n• PIP is managed by the Android system because YouTube uses native PIP, and the same is true for YouTube Vanced. Other apps (such as MX Player, VLC, and others) make use of a custom-made PIP. As a result, any problems with PIP should be reported to Google instead.\n\n• PIP is available for android 8 and above only.\n\n• To enable PIP, Open YT app settings > general > enable pip\n\n> To enable pip in MIUI, you have to make sure this setting is on:\nPrivacy protection->manage->special app accesss->picture-in-picture"
		},
		{
			"title": "App download issues",
			"fields": [
				{
					"title": "If you are having trouble downloading vanced files using vancedapp.com or can't open our site due to server/region restrictions",
					"content": "You can get our new manager right [here](https://github.com/YTVanced/VancedManager/releases/)\n\nNOTE: Here you have to choose \"manager.apk\" in latest release > assets. Don't choose zips or anything else as they are not apks."
				},
				{
					"title": "If you are having trouble downloading and installing vanced via manager, you can still use SAI/manual method to install vanced.",
					"content": "• Use the MediaFire mirror to download the required files.\n>https://www.mediafire.com/folder/773e97cz2ezx1/AddFree_Youtube_BackgroundPlay_Enabled\n\n• Use the AFH Mirror to download the required files.\n>https://androidfilehost.com/?w=files&flid=170196\n\nNOTES:\n\nA) Since we have all separate apk files on Mediafire and android file host(AFH) now, you have to zip all \"base, architecture and language\" apk's & install it via SAI. All 3 apk are must.\n\nB) Manual installation can only be done either via root since it requires accessing root storage."
				}
			]
		},
		{
			"title": "Detach from market",
			"description": "You can use any of the workarounds listed below to remove the YouTube app from the market.",
			"fields": [
				{
					"title": "Workaround 1(Recommended)",
					"content": "\n\nUsing [TeMiFi app](https://forum.xda-developers.com/t/app-tool-temefi-comprehensive-system-administration.3806260), Make sure the YouTube Vanced is a user app as this method won't work if Vanced is installed as a system app.\n\n1. Open TeMiFi app and Give root permissions. \n\n2. Tap on Application info and tap on Detach package from play store option. \n\n3. Tap on DETACH: Select package then protection level v5 \n\n4. Select YouTube with package name \"com.google.android.youtube\" \n\n5. Tap on 3. Invalidate the data, block any attempt.... \n\n6. Yes, I accept full responsibility \n\n7. Proft!"
				},
				{
					"title": "Workaround 2",
					"content": "\n\nUsing Titanium backup app(needs pro version)\n\n1. Open titanium backup \n\n2. Search for youtube and Click on it \n\n3. Swipe left to access special features \n\n4. Click on Attach to market \n\n5. Then again go to special features \n\n6. Click on \"detach from market\" \n\n7. Done"
				},
				{
					"title": "Workaround 3",
					"content": "NOTE: Auto-Updates must be disabled in play store before doing this.\n\n1. Create \"Detach.txt\" in the following location /sdcard/ (equivalent to /storage/emulated/0/) write \"YouTube\" in that text file without quotes. You can also download the Detach.txt from Magisk module name Detach and remove the # in front of YouTube.\n\n2. Flash Detach module in Magisk manager.\n\n3. Flash Daily Job Scheduler (djs) in Magisk manager.\n\n4. Reboot\n\n5. Open Terminal and type \"su -c detach -t\" and set it to run once every hour.\n\n6. Done!\n\nPlay Store updates its database file on a random rhythm, sometimes several times a day. Once in a while (like once every two weeks), Play Store will show an update for Youtube, but it will go away when the script has run again by djs."
				},
				{
					"title": "Workaround 4",
					"content": "Switch to Non-Root variant of Vanced. This workaround should only be used as a last resort if all of the other options fail!"
				}
			]
		},
		{
			"title": "Fix For SAI/Vanced Manager errors",
			"description": "Below are some known reasons you might face when you don't follow instructions, so read the appropriate cause with its solution and fix your problem.",
			"fields": [
				{
					"title": "INSTALL_FAILED_VERSION_DOWNGRADE",
					"content": "Uninstall stock yt updates. Make sure Stock YouTube version is lower than vanced version you are installing now."
				},
				{
					"title": "INSTALL_FAILED_UPDATE_INCOMPATIBE",
					"content": "Just uninstall any vanced app that you have installed from any other source then install vanced.  Otherwise uninstall \"vanced microG\" > reboot device > then install vanced microG first then Vanced. If error still comes, use SAI to install the vanced split apks manually. These apk files are located in \n\"android / data / com.vanced.manager / files / vanced / nonroot / \""
				},
				{
					"title": "INSTALL_PARSE_FAILED_NOT_APK",
					"content": "Change the language of your phone from Indonesian to English then install vanced. After installing, you can change language back to Indonesian. If your device isn't using Indonesian language, make sure language is properly selected in Vanced manager which you wanna install with YouTube Vanced."
				},
				{
					"title": "INSTALL_FAILED_NO_MATCHING_ABIS",
					"content": "Download legacy version instead of default"
				},
				{
					"title": "INSTALL_FAILED_INVALID_APK: Split config.en was defined multiple times",
					"content": "Try removing one split_config.en apk from apks file then install\n(Apks file is just a zip file so you can easily remove the apk from it)"
				},
				{
					"title": "INSTALL_FAILED_DUPLICATE_PERMISSION",
					"content": "Uninstall microG > reboot > install vanced via sai > install microG\n\nIf microG doesn't install, install microG too via SAI."
				},
				{
					"title": "Unable to install the app because it conflicts with an already installed app with same package name",
					"content": "Uninstall microG > reboot > install vanced via sai > install microG via apk package installer\nIf microG doesn't install, install microG too via SAI."
				},
				{
					"title": "APP IS INCOMPATIBLE WITH THIS DEVICE",
					"content": "Download the legacy architecture files when downloading vanced files from official vanced mirrors instead of default architecture."
				},
				{
					"title": "INSTALL_PARSE_FAILED_NO_CERTIFICATES",
					"content": "It seems like you didn't read instructions properly and installed vanced without disabling signature verification. or you tried some method which didn't give any positive result, so the solution to both is to disable signature verification using the best method/alternative to what you used before or just use our [vanced manager](https://vancedapp.com) which doesn't require you to disable signature verification."
				},
				{
					"title": "INSTALL_FAILED_INVALID_INSTALL_LOCATION",
					"content": " Please head to your device settings > developer options and turn off \"force allow apps on external\" then install the Vanced app in SAI."
				},
				{
					"title": "INSTALL_FAILED_USER_RESTRICTED: Install canceled by user",
					"content": "Unknown sources install is protected per service in your MIUI devices Please go to your device settings and enable unknown sources for SAI and issue will get solved and you will be able go install Vanced."
				},
				{
					"title": "INSTALL_FAILED_INTERNAL_ERROR: Permission Denied",
					"content": "Disable MIUI optimization from your device developer options."
				}
			]
		},
		{
			"title": "Live-Stream issues",
			"description": "Solution: Follow this guide > https://youtu.be/R9asMVCQkAU. Also, disable your external ad-blockers/vpn/proxy/custom settings in vanced. Keep stock settings if you don't wanna see any issues."
		},
		{
			"title": "Black screen video fix",
			"description": "Solution: clearing data of Youtube Vanced and subsequently reinstalling it should fix the issue. If it doesn't, try a Reboot &\nCheck if black screen issue solves. \n\nIf problem persist, factory reset your device or change the ROM."
		},
		{
			"title": "Content Restrictions",
			"description": "In English it is callled \"restricted mode\"\nIn arabic it is called \"وضع تقييد المحتوى\"\n\nTo solve issue of lesser search results, do this\n\n1. Go to settings > General\n\n2. Find \"restricted mode\" and turn it off.\n\nIf you're in a country that Google hates, use a vpn."
		},
		{
			"title": "View count change",
			"description": "To change the view count from crores/lakhs to millions, do this:\n\n\nSolution:\n\n1. Go to settings (of your phone)\n\n2. Go to system \n\n3. Go to language preferences\n\n4. Add a language as English (US) \n\n5. Drag this language above your current one.\n\n6. Go to youtube and enjoy ⚡\n\nThanks to @ROG_OK from telegram Vanced group for finding the fix."
		},
		{
			"title": "Captions",
			"description": "\n\n If you face caption issues such as random subtitles of different languages on an english video, here's what you have to do; \n\n1. Open browser and go to youtube desktop site. If you are on a mobile, tap on \"Request desktop website\". \n\n2. Now tap on your profile icon from top right corner and tap on Settings. \n\n3. Then head to \"Playback and performance\" and uncheck the \"Always show captions\" box. \n\n4. Close browser and go to YouTube Vanced app info and clear cache(not data) [not sure if this is necessary, just writing what i did to fix it for myself] \n\n5. Then open YouTube app and go to settings > captions > set Language to default if it's not. Otherwise skip this step. \n\n6. Auto captions will be fixed"
		},
		{
			"title": "HDR brightness Workaround",
			"description": "Use the swiping features to turn the brightness to its maximum."
		},
		{
			"title": "Settings crashes",
			"description": "Turn off your fingerprint scanner and go to the settings to configure it; once finished, turn it back on. It will not crash again unless you restart your device."
		}
	]
}
