{
  "data": [
    {
      "title": "Vanced",
      "description": "YouTube Vanced versucht eine bessere Version von YouTube zu sein. Vanced beinhaltet Adblocking, das dunkle Theme und vieles mehr. Benutze den Vanced Manager um YouTube Vanced ganz einfach zu installieren."
    },
    {
      "title": "Vanced Music",
      "description": "Vanced Music hat das gleiche Ziel wie YouTube Vanced, aber diese App konzentriert sich auf YouTube Music. Dies hat im Vergleich zu Vanced weniger Funktionen, bietet aber immer noch viele Dinge, die du erwartest, wie Adblocker und Hintergrundwiedergabe, alles in Youtube Music!"
    },
    {
      "title": "YouTube Vanced-Hauptfunktionen",
      "description": "- OLED freundliches schwarzes Thema.\n- Blockiert alle Anzeigen\n- Erlaubt es Ihnen, Videos im Hintergrund oder im Modus Bild in Bild (PiP) abzuspielen (nur auf Android 8+)\n- Wisch-Steuerelemente erlauben es Ihnen, Helligkeit und Lautstärke mit Wischgesten zu steuern (mit konfigurierbarem Padding).\n- Automatische Wiederholung ermöglicht es Ihnen, Videos in Dauerschleife abzuspielen.\n- Neues Kommentar/Tablet Mini-Player-Layout kann auf die Tablet Versionen umgeschaltet werden, die der alten Version sehr ähnlich sind (wenn auch etwas Buggy)."
    },
    {
      "title": "Anpassung",
      "description": "- Erlaubt es Ihnen, Codec Optionen wie das Erzwingen von H264 für alte Geräte oder VP9 zu überschreiben. Dies ermöglicht Ihnen auch, die HDR-Wiedergabe zu erzwingen oder 60fps auszuschalten, wenn Sie ein filmisches Erlebnis bevorzugen. (Konfigurationen für eigene Geräte können in unserem Discord oder XDA gefunden werden)\n- Erzwinge die Standard-Videoauflösung so hoch oder niedrig wie du möchtest und überschreibe sogar deine Bildschirmauflösung für scharfe 4k Wiedergabe auf jedem Gerät. Außerdem können Sie die Standardgeschwindigkeit der Wiedergabe zwischen 0,25x und 2x verschieben(vorausgesetzt Ihr Gerät ist schnell genug)\n- Erlaubt es Ihnen, Home-Anzeigen, die meisten UI-Anzeigen, Merchandise-Werbung, Community-Posts, Film-Upselling, kompakte Banner-Info (wie die COVID-19 Info), Kommentare, kompakte Filme, Regalentfernung und vieles mehr zu entfernen!"
    },
    {
      "title": "SponsorBlock",
      "description": "- Die Fähigkeit, Sponsor Segmente zu überspringen (wo ein Youtuber eine Dienstleistung oder ein Produkt mitten in einem Video bewirbt)\n- Es unterstützt auch das Überspringen anderer Kategorien, wie Intros, Outros und Eigenwerbung.\n- Verwendet die hier aufgeführte API. Sie können weitere Informationen über die Funktionsweise des Systems finden\n- Sie können auch Ihre eigenen Segmente zur API einreichen und der breiteren Gemeinschaft beitragen\n- Vollständige Kontrolle darüber, ob Sie automatisch eine Segmentkategorie überspringen oder einen Button zum Überspringen zeigen oder einfach nicht überspringen.\n- Markiert das Segment in der jeweiligen Farbe basierend auf seiner Kategorie in der Timeline."
    },
    {
      "title": "Plattformen",
      "description": "Die App existiert aktuell nur für Android, es gibt im Moment keine Pläne, andere Plattformen zu unterstützen"
    },
    {
      "title": "Unterschied zwischen Root und Nicht-Root",
      "description": "- Root: \nDie Root-Variante von Vanced ersetzt nahtlos die offizielle YouTube-App. Dadurch können Sie YouTube-Links direkt oder mit dem Google-Assistant in der modifizierten App öffnen.\n- Non-Root:\n- Wenn Sie ein Gerät haben, das schwierig zu rooten ist oder Sie Ihr tägliches Gerät gar nicht erst rooten möchten, sollten Sie sich für die Nicht-Root-Variante entscheiden. \n- Sie kann auch auf einem gerooteten Gerät installiert werden. Da sich der Paketname der Nicht-Root-Variante von der vorinstallierten YouTube-App unterscheidet, können sie nebeneinander existieren. Beachten Sie, dass Sie eine zusätzliche Begleit-App (Vanced microG) installieren müssen, um sich mit Ihrem YouTube/Google-Konto anmelden zu können. \n- Außerdem müssen Sie Vanced manuell als Standard-App für das Öffnen von YouTube-Links festlegen. \n- Mit der Nicht-Root-Variante ist es jedoch einfacher zu leben also empfehlen wir Ihnen, bei der Nicht-Root-Variante zu bleiben, es sei denn, Sie müssen wirklich die Standard YouTube-App auf Ihrem Handy ersetzen."
    }
  ]
}
