{
  "data": [
    {
      "title": "Làm sao để báo lỗi?",
      "description": "Bạn có thể báo lỗi bằng cách tạo vấn đề tại [Github Issue Center](https://github.com/YTVanced/Vanced#vanced-issue-center).\n\nHãy chắc chắn rằng bạn đã đọc các vấn đề đã có để kiểm tra xem lỗi của bạn đã được báo cáo chưa kia trước khi báo lỗi!",
      "fields": [
        {
          "title": "Khi nào thì vấn đề của tôi sẽ được kiểm tra?",
          "content": "Các nhà phát triển dành thời gian để tạo ra các tính năng mới và sửa chữa nhiều vấn đề, mỗi việc sẽ cần một khoảng thời gian để hoàn thành. \nBạn chỉ cần kiên nhẫn và chờ đợi. Vấn đề của bạn sẽ được kiểm tra sớm nhất có thể."
        },
        {
          "title": "Làm cách nào để lấy logcat?",
          "content": "Đối với người dùng không root:\nBạn sẽ cần máy tính lấy `logcat`. Đây là [văn bản hướng dẫn](https://github.com/YTVanced/Vanced#creating-a-logcat-using-the-android-debug-bridge-adb-on-your-pc) và [video hướng dẫn](https://youtu.be/ICLpwgsJJP0).\n\nĐối với người dùng root:\nBạn không cần máy tính cho việc này, hãy làm theo [hướng dẫn](https://github.com/YTVanced/Vanced#creating-a-logcat-using-termux-on-your-rooted-android)."
        },
        {
          "title": "Lỗi của bạn liên quan tới giao diện?",
          "content": "Đối với các lỗi liên quan đến giao diện người dùng, bạn sẽ phải thực hiển thêm một số bước.\n\nVui lòng cài đặt và thiết lập [Trợ lý nhà phát triển] (https://play.google.com/store/apps/details?id=com.appsisle.developerassistant).\nSau đó, mở Vanced và tái tạo lỗi, mở trình xem Bố cục bằng cách kích hoạt Trợ lý nhà phát triển.\n\nBây giờ hãy làm theo các bước sau:\n1. Đảm bảo rằng lỗi đang hiển thị trên màn hình.\n2. Nhấn vào phần tử mà bạn cho là bị ảnh hưởng bởi lỗi.\n3. Đi tới trang `Phần tử` và 'Cấu trúc phân cấp` và chụp ảnh màn hình các kết quả đầu ra.\n4. Đính kièm ảnh chụp màn hình đó vào vấn đề của bạn."
        }
      ]
    }
  ]
}
