{
  "data": [
    {
      "title": "YouTube Vanced là gì?",
      "description": "Youtube Vaned là một bản mod của Youtube với các tính năng và cải tiến để giúp trải nghiệm Youtube của bạn tốt hơn!\n\nCách tính năng đó bao gồm:\n\n- Phát trong nền,\n- Hình trong hình (PiP),\n- Giao diện đen (cho màn OLED),\n- Chặn quảng cáo (yêu kích hoạt thủ công cho một số loại),\n- Ép độ phân giải tối đa (cho phát video với độ phân giải cao hơn màn hình của bạn),\n- ...và nhiều hơn nữa!\n\nThông tin thêm tại <https://vancedapp.com>"
    },
    {
      "title": "Nút Tải xuống ở đâu?",
      "description": "Đương nhiên Google sẽ không cho phép một bản mod của ứng dụng họ làm trên cửa hàng của họ nên đừng tìm nó trên Cửa Hàng Play, những ứng dụng đó là giả.\n\nCác ứng dụng Vanced có thể được tải về và cài đặt bằng Vanced Manager, bạn có thể tải nó tại website chính thức của chúng tôi: <https://vancedapp.com> hoặc [GitHub](https://github.com/YTVanced/VancedManager/releases/latest)."
    },
    {
      "title": "Youtube Vanced có tự động cập nhật không?",
      "description": "Không.\n\nVanced Manager sẽ thông báo cho bạn khi có phiên bản mới.\n\nBạn cũng có thể tham gia [Server Discord](https://discord.gg/Vanced) hoặc theo dõi [Kênh Telegram](https://t.me/Vanced) của chúng tôi cho tin tức mới nhất và thông báo cập nhật."
    },
    {
      "title": "Vanced có thể tải xuống video không?",
      "description": "Vanced không bao gồm bất cứ tính năng tải xuống video nào và sẽ không bao giờ tích hợp chúng.\n\nRất nhiều video có thể được tải xuống miễn phí ở [một số nước](https://support.google.com/youtube/answer/6141269). Với những nước còn lại, hãy mua Youtube Premium.\n\nNhắc lại, Vanced SẼ KHÔNG BAO GIỜ thêm tính năng tải xuống video hay bất cứ thứ gì tương tự.\n\nĐây là lí do khiến rất nhiều ứng dụng YouTube mod trước đây bị đánh sập bởi Google không muốn mọi người tải xuống nội dung bản quyền từ nền tảng của họ, vậy nên đừng hỏi về nó!!!"
    },
    {
      "title": "Tại sao cử chỉ vuốt không hoạt động?",
      "description": "Nếu bình luận của bạn ở bên dưới (vị trí cũ) ở cài đặt Vanced > Cài đặt giao diện, tắt nó và khởi động lại ứng dụng. Nếu không được, buộc dừng ứng dụng và xoá dữ liệu của nó."
    },
    {
      "title": "Không có phụ đề?",
      "description": "Đây không phải là một vấn đề liên quan tới Vanced hay YouTube. Không phải tất cả video đều có phụ đề."
    },
    {
      "title": "Bạn có nhận ủng hộ không?",
      "description": "Chúng tôi KHÔNG nhận ủng hộ!\n\nBất cứ dạng ủng hộ nào dưới bất cứ hoàn cảnh hoặc trang web hoặc bài viết nào kêu gọi ủng hộ đều là giả.\n\nNhưng nếu bạn muốn ủng hộ đội ngũ phát triển Vanced, bạn có thể cài tải về Brave với [link này](https://brave.com/kev231) và AdGuard với [link này](https://adguard.com/en/welcome.html?aid=31141)."
    },
    {
      "title": "Làm sao để khiến giao diện trình phát tự ẩn?",
      "description": "Bạn có thể chỉnh nó ở cài đặt Youtube Vanced > Cài đặt > Trợ năng. Nếu cài đặt không mở hoặc không hoạt động, hãy vào cài đặt trợ năng của máy bạn và tắt Khuếch đại âm thanh, Thay đổi truy cập, Phụ đề trực tiếp."
    },
    {
      "title": "Tại sao lại sử dụng APK tách rời (.apks)?",
      "description": "Bởi vì:\n\n 1. Ứng dụng gốc sử dụng nó nên Vanced cũng sử dụng nó.\n 2. Nó chỉ cài đặt ngôn ngữ bạn chọn để tối ưu bộ nhớ.\n 3. Nó chỉ có APK lõi mà thiết bị của bạn cần.\n\nĐương nhiên, Vanced Manager hoặc các nhà phát triển có thể chuyển đổi nó thành một tệp APK bình thường, nhưng chúng tôi quá lười làm điều đó. Bạn chỉ cần hòa hợp với những gì chúng tôi có...\n\nNhưng đừng lo lắng, Vanced Manager làm hết phần việc khó khăn nên bạn chỉ cần nhấn nút `Cài đặt`."
    },
    {
      "title": "Tại sao màu sắc ở màn hình khởi động không khớp với chủ đề? ",
      "description": "Màu nền màn hình khởi động được lấy từ màu Android framework để đảm bảo nó thay đổi theo chủ đề hệ thống. Bạn có thể sử dụng [Substratum] (https://play.google.com/store/apps/details?id=projekt.substratum) hoặc [Swift Installer] (https://play.google.com/store/apps/details? id = com.brit.swiftinstaller) hoặc một ứng dụng tương tự để thay đổi nó."
    },
    {
      "title": "Tôi có nên tải lại các tệp cài đặt?",
      "description": "Các tập tin có thể bị hỏng vì nhiều lý do khác nhau và có thể gây ra sự cố sau đó. Để tránh điều này, bạn có thể chọn tải lại nó để đảm bảo quá trình cài đặt diễn ra suôn sẻ."
    },
    {
      "title": "Tại sao phiên bản root không cần cấp quyền Microphone? ",
      "description": "Nó có nếu Vanced đã là bản mới nhất."
    },
    {
      "title": "Exoplayer v1 là gì?",
      "description": "Nó là một trình phát phiên bản cũ từng được sử dụng bởi Youtube. Bạn có thể sẽ có hiệu suất và độ ổn định tốt hơn khi sử dụng nó."
    },
    {
      "title": "Cách để kích hoạt các cài đặt ẩn?",
      "description": "Trong cài đặt Vanced, hãy nhấn vào phần `Giới thiệu` 6-7 lần để bật nó. Điều này chỉ bật cài đặt codec video bổ sung."
    },
    {
      "title": "Làm sao để đặt Youtube Vanced làm ứng dụng mặc định?",
      "description": "Như tiêu đề đã nói, rất nhiều người dùng đã hỏi nhiều lần về cách họ có thể đặt YouTube Vanced làm mặc định để mở liên kết YouTube từ các ứng dụng khác (như trình duyệt, ứng dụng nhắn tin và bất kỳ ứng dụng nào khác).\n\n Đối với máy đã root, bạn không cần phải lo lắng vì nó đã được đặt theo mặc định vì YouTube Vanced đã thay thế Stock YouTube.\n\n Đối với máy chưa root, các giải pháp đã được chia thành OneUI, MIUI và phần còn lại.  Chúng tôi không thể cung cấp giải pháp cho mọi hệ điều hành hiện có và bạn có thể cần phải tự mình tìm kiếm trên Google.",
      "fields": [
        {
          "title": "Người dùng OneUI:",
          "content": "1. Nhấn và giữ biểu tượng ứng dụng YouTube hoặc YouTube Vanced từ ngăn kéo ứng dụng của bạn.\n 2. Nhấn vào **Thông tin ứng dụng**.\n 3. Tìm \"**Đặt làm mặc định**\" và nhấn vào nó\n 4. Nhấn vào \"**Mở các liên kết được hỗ trợ**\" và chọn \"**Mở trong ứng dụng này**\"\n\n Trong các phiên bản OneUI cũ hơn, tên của các tùy chọn trong bước thứ 4 có thể hơi khác một chút. Bạn có thể cần phải nhấn vào \"**Đi tới URL được hỗ trợ**\" và chọn tùy chọn \"**Trong ứng dụng này**\".\n Trong phiên bản OneUI 💩 rất cũ, bạn có thể cần phải đi tới **Cài đặt** > **Ứng dụng** > *[chạm vào ba chấm ở góc bên phải]*> **Ứng dụng mặc định** > **Đặt làm mặc định**. Sau khi ứng dụng được tải, tìm YouTube Vanced hoặc YouTube và làm theo bước thứ 4..."
        },
        {
          "title": "Người dùng MIUI:",
          "content": "1. Mở Cài đặt\n 2. Đi tới **Ứng dụng**,\n 3. **Quản lý ứng dụng**,\n 4. Sau đó, nhấn vào ba dấu chấm ở góc bên phải,\n 5. **Ứng dụng mặc định**,\n 6. **Mở liên kết**.\n 7. Chờ cho đến khi tất cả các ứng dụng của bạn được liệt kê…\n 8. Tìm YouTube hoặc YouTube Vanced và nhấn vào đó.\n 9. Nhấn vào \"**Mở các liên kết được hỗ trợ**\" và chọn \"**Mở**\""
        },
        {
          "title": "AOSP và các giao diện người dùng tùy chỉnh khác (OOS, ColorOS, EMUI, v. v.):",
          "content": "1. Mở **Settings**\n2. Đi đến **Apps**\n3. Ấn **Default apps**\n4. Tìm **YouTube** hoặc **YouTube Vanced**\n5. Ấn \"**Go to Supported URLs**\" và chọn \"**Open in this app**\" tùy chọn\n\nIf you're still troubling with this, you may need to search some \"how to\" articles/videos on [Google](https://www.google.com/search?q=%22android%22+how+to+open+youtube+links+with+youtube) or you can install a 3rd party app from [Play Store](https://play.google.com/store/search?q=open%20with) to save you from this hassle…"
        }
      ]
    },
    {
      "title": "Why doesn't the root variant work with the microG core? ",
      "description": "1. Bạn cần phải có tối thiểu bản [pico](https://github.com/opengapps/opengapps/wiki/Pico-Package) của GApps để chạy Vanced.\n\n2. Bạn không thể chạy Vanced với Nhân microG do nó cần Google Play Services Framework thứ mà bao gồm trong tất cả các gói của GApps.\n\n3. Nếu bạn lo lắng về sự riêng tự & không muốn sử dụng GApps những vấn muốn sử dụng Youtube không có quảng cáo, thì [phiên bản web](https://youtube.com) luôn có sẵn."
    },
    {
      "title": "Tại sao tính năng truyền phát lại không hoạt động?",
      "description": "For users with v16.16.38 and all above non-root variants and root variants who are using microG based ROMs, there's a bug in upstream microG. Until that resolves, please wait for updates or roll back to v15 versions. If you use Google Play Services with root variants, you won't have any problems with casting."
    },
    {
      "title": "What is APK Signing?",
      "description": "Bạn đang đọc cái này là do bạn đang không sử dụng Vanced Manager hoặc bạn đã cài Vanced từ một nguồn không chính thức.\nHãy dùng Vanced Manager!\n\nBạn có thể tải xuống Vanced Manager an toàn từ:\n- Trang chính thức <https://vancedapp.com>\n- [GitHub repository](https://github.com/YTVanced/VancedManager/releases/latest)"
    },
    {
      "title": "Is YouTube Vanced on Play Store?",
      "description": "KHÔNG!\nMột lần nữa, KHÔNG ĐƯỢC cài đặt hoặc thử tìm kiếm bất cứ một ứng dụng giả mạo nào có tên \"Youtube Vanced\" hoặc tương tự trên Play Store hay bất kì một cửa hàng nào để cài đặt Vanced.\n\nChúng tôi chỉ có [Vanced Guide](https://play.google.com/store/apps/details?id=com.vanced.faq). và nó là ứng dụng chính thức duy nhất của chúng tôi có trên Play Store.\n\nNếu bạn tìm thấy bất kì ứng dụng nào khác với icon và tên của chúng tôi, báo cáo nó là giả mạo và review xấu về nó.\n\nCác ứng dụng của chúng tôi chỉ có tại <https://vancedapp.com>)."
    },
    {
      "title": "Tại sao Vanced không hiển thị trong màn hình chính hoặc ngăn kéo ứng dụng?",
      "description": "Bạn đang đọc cái này là do bạn đang không sử dụng Vanced Manager hoặc bạn đã cài Vanced từ một nguồn không chính thức.\nHãy dùng Vanced Manager!\n\nBạn có thể tải xuống Vanced Manager an toàn từ:\n- Trang chính thức <https://vancedapp.com>\n- [GitHub repository](https://github.com/YTVanced/VancedManager/releases/latest)"
    },
    {
      "title": "Tại sao video không phát?",
      "description": "Thử khởi động lại ứng dụng. Nó cũng có thể do kết nối internet hoặc thiết bị của bạn."
    },
    {
      "title": "Tại sao tôi lại có giới hạn video là 480p?",
      "description": "Do COVID-19, Google hạn chế một số quốc gia sử dụng dữ liệu. Nó xảy ra trên máy chủ và ảnh hưởng cả người dùng Vanced lẫn Youtube gốc.",
      "fields": [
        {
          "title": "Cách giải quyết:",
          "content": "1. Kết nối với VPN của một khu vực khác.\n2. Sử dụng [phiên bản web](https://youtube.com)\n3. Vì giới hạn 480p chỉ dành cho điện thoại chứ không phải máy tính bảng, bạn có thể thay đổi kiểu thiết bị trong YouTube Vanced để khắc phục hạn chế.\n\n#### Làm cách nào để thay đổi model thiết bị?\n1. Mở YouTube Vanced.\n2. Đến Cài đặt\n3. Nhấn vào `Cài đặt Vanced`\n4. Kích hoạt cài đặt ẩn:\n  - Cuộn xuống và nhấn vào phần `Giới thiệu` cho đến khi nhận được thông báo `Đã kích hoạt cài đặt ẩn`.\n5. Đi tới `Ghi đè codec`\n6. Đặt nhà sản xuất thành `Samsung` và model thành `SM-T865`.\n7. Khởi động lại ứng dụng.\n\nSau khi khởi động lại, giới hạn 480p sẽ biến mất."
        }
      ]
    },
    {
      "title": "Làm sao để ẩn thông báo của microG?",
      "description": "Để ẩn thông báo của microG, bạn có thể tắt tính năng tối ưu hóa pin cho microG và khởi động lại thiết bị.\n\nNếu thông báo vẫn còn sau khi khởi động lại, hãy tắt thông báo microG bằng cách giữ vào thông báo, tắt nó và nhấn Lưu.\n\nViệc tắt thông báo ứng dụng có thể được thực hiện theo nhiều cách khác nhau tùy thuộc vào giao diện người dùng Android. Nếu bạn không biết cách tắt nó, hãy sử dụng Google để tìm cách tắt."
    },
    {
      "title": "1440p có trông đẹp hơn trên màn hình 1080p của tôi không?",
      "description": "Nếu thiết bị của bạn chỉ hỗ trợ độ phân giải 720p/1080p, bạn vẫn có thể phát video lên tới 4k nhưng chất lượng video của bạn sẽ bị hạ xuống độ phân giải gốc của thiết bị và không phải 4k thật. \n\nChất lượng 4k thật có thể xuất hiện trên các thiết bị flagship (SD8855).\n\nĐể bật độ phân giải cao, hãy tới cài đặt Vanced > cài đặt video và bật \"kiểm tra độ phân giải\" rồi khởi động lại ứng dụng."
    }
  ]
}
