{
  "data": [
    {
      "title": "Vanced",
      "description": "Youtube Vanced hướng tới trở thành một phiên bản tốt hơn của Youtube. Nó bao gồm chặn quảng cáo, nền tối và hơn thế nữa. Sử dụng Vanced Manager để cài đặt Youtube Vanced một cách dễ dàng."
    },
    {
      "title": "YouTube Music Vanced",
      "description": "YouTube Music Vanced có cùng mục tiêu với Youtube Vanced tuy nhiên ứng dụng này tập trung vào Youtube Music. Nó có ít tính năng hơn Vanced nhưng vẫn có những thứ bạn mong muốn như chặn quảng cáo và phát trong nền, tất cả đều có trong YouTube Music Vanced!"
    },
    {
      "title": "Các tính năng chính của Youtube Vanced",
      "description": "- Nền đen thân thiện với màn hình OLED và nền tối _(màu xám đậm)_ bên cạnh nền trắng.\n - Chặn tất cả quảng cáo\n - Cho phép bạn phát video trong nền hoặc ở chế độ Hình trong Hình (PiP) (cho Android 8+)\n - Điều khiển vuốt cho phép bạn điều khiển độ sáng và âm lượng bằng cử chỉ lên và xuống (với phần đệm có thể cài đặt).\n - Tính năng tự động lặp lại cho phép bạn lặp lại video.\n - Giao diện bình luận mới/trình phát mini máy tính bảng cho phép bạn chuyển sang các phiên bản máy tính bảng tương tự như phiên bản cũ (tuy nhiên, nó có một chút lỗi)."
    },
    {
      "title": "Tùy biến",
      "description": "- Cho phép bạn ghi đè các tùy chọn Codec như buộc H264 cho các thiết bị cũ hoặc VP9, ​​điều này cũng cho phép bạn ép buộc phát HDR hoặc tắt 60fps nếu bạn thích trải nghiệm điện ảnh hơn. (Bạn có thể tìm thấy cấu hình thiết bị tùy chỉnh cho các tính năng này trên [Máy chủ Discord] (https://discord.gg/Vanced) hoặc XDA của chúng tôi)\n - Buộc độ phân giải video mặc định cao hoặc thấp như bạn muốn và thậm chí ghi đè độ phân giải màn hình của bạn để phát 4k sắc nét trên mọi thiết bị. Nó cũng cho phép bạn thay đổi tốc độ phát mặc định thành bất kỳ đâu trong khoảng 0,25x đến 2x (giả sử thiết bị của bạn đủ mạnh)\n - Cho phép bạn chuyển đổi giữa quảng cáo gia đình, hầu hết quảng cáo giao diện người dùng, quảng cáo hàng hóa, bài đăng trên tab Cộng đồng, Phim bán thêm, thông tin biểu ngữ nhỏ gọn (chẳng hạn như thông tin COVID-19), xóa hoàn toàn nhận xét, phim nhỏ gọn, xóa kệ phim và nhiều hơn nữa!"
    },
    {
      "title": "SponsorBlock",
      "description": "- Các tính năng để có thể bỏ qua phân đoạn được tài trợ (lúc mà [YouTuber](https://en.wikipedia.org/wiki/YouTuber) quảng cáo một dịch vụ hoặc sản phẩm giữa video)\n- Nó cũng hỗ trợ bỏ qua các thể loại khác như intros, outros và tự giới thiệu.\n- Sử dụng API có thể được tìm thấy [tại đây](https://sponsor.ajay.app). Bạn có thể tìm thêm thông tin về cách nó hoạt động\n- Nó cũng cho phép tự thêm phân đoạn của bạn vào API và đóng góp để giúp phát triển cộng đồng\n- Hoàn toàn kiểm soát được xem có tự động bỏ qua phân đoạn hay không hoặc hiện nút để bỏ qua hay đơn giản chỉ là không bỏ qua danh mục đó.\n- Làm nổi bật phân đoạn với màu cụ thể dựa trên thể loại của nó trên dòng thời gian phát."
    },
    {
      "title": "Các nền tảng",
      "description": "Ứng dụng này hiện chỉ có trên các thiết bị Android và không có kế hoạch để hỗ trợ các nên tảng khác vào lúc này"
    },
    {
      "title": "Sự khác biệt giữa Root và không Root",
      "description": "#### Root:\nBản root của Vanced sẽ thay thế ứng dụng YouTube gốc một cách hoàn chỉnh. Do đó bạn có thể trực tiếp mở các liên kết YouTube hoặc gọi chúng bằng Trợ lý Google thông qua ứng dụng Vanced đã được sửa đổi.\n\n#### Không root:\n- Nếu bạn có một thiết bị khó root hoặc không muốn root thiết bị chính được sử dụng hàng ngày của mình, bạn nên chọn bản không root.\n- Vì tên gói của bản không root khác với ứng dụng YouTube gốc nên chúng có thể cùng tồn tại. Lưu ý rằng bạn cần cài đặt thêm một ứng dụng đồng hành (Vanced microG) để có thể đăng nhập bằng tài khoản YouTube/Google của mình.\n- Hơn nữa, bạn phải đặt Vanced theo cách thủ công làm ứng dụng mặc định để mở các liên kết YouTube.\n- Tuy nhiên, phiên bản không root được cài đặt và sử dụng dễ hơn nhiều, vì vậy chúng tôi khuyên bạn nên sử dụng bản không root trừ khi bạn thực sự cần thay thế ứng dụng YouTube gốc trên điện thoại của mình."
    }
  ]
}
