{
  "data": [
    {
      "title": "Wat is YouTube Vanced?",
      "description": "YouTube Vanced is een aangepaste versie van YouTube met functies en aanpassingen om jouw YouTube ervaring te verbeteren!\n\nFuncties omvatten:\n- Afspelen op de achtergrond,\n- Scherm-in-scherm (PiP), \n- Zwart thema (geschikt voor OLED)\n- Blokkeren van advertenties (vereist inschakelen)\n- Maximum resolutie overschrijven (hogere resolutie dan je scherm)\n- ...en nog veel meer!\n\nVoor meer informatie, ga naar <https://vancedapp.com>"
    },
    {
      "title": "Waar is de downloadknop?",
      "description": "Natuurlijk zal Google geen aangepaste versie van \n hun eigen app in hun Store toelaten, dus zoek niet naar Vanced in de Google Play Store, want dat zijn nep apps.\n\nVanced apps kunnen gedownload en geïnstalleerd worden met behulp van Vanced Manager die je vindt op onze officiële website: <https://vancedapp.com> maar je kan Vanced ook vinden op GitHub: <https://github.com/YTVanced/VancedManager/releases/latest>."
    },
    {
      "title": "Zal YouTube Vanced automatisch bijwerken?",
      "description": "Nee, dat doet het niet.\n\nVanced Manager stuurt je een melding als er een update is.\n\nJe kan je ook aansluiten bij onze [Discord-server](https://discord.gg/wYrRPgv) of het [Telegram-kanaal](https://t.me/Vanced) volgen voor het laatste nieuws en meldingen over updates."
    },
    {
      "title": "Kan Vanced video's downloaden?",
      "description": "Vanced bevat geen functie om video's te downloaden en dat zal ook nooit gebeuren.\n\nIn [bepaalde landen](https://support.google.com/youtube/answer/6141269) zijn er veel video's beschikbaar om gratis te downloaden. In de rest van de wereld kan je daarvoor een abonnement op YouTube Premium nemen.\n\nNogmaals, Vanced zal nóóit een videodownloader of iets vergelijkbaars aan de app toevoegen, dus vraag er ook niet naar!\n\nIn het verleden is dit immers de oorzaak voor het blokkeren en verbannen van veel YouTube-mods gebleken, omdat Google niet tolereert dat mensen auteursrechtelijk beschermde inhoud van hun platform downloaden!"
    },
    {
      "title": "Waarom werken de veeggebaren niet?",
      "description": "Als je de Locatie van reacties onderaan (oude plaats) hebt ingeschakeld in de YouTube instellingen > Vanced instellingen > Lay-out, schakel dit dan uit en herstart de app. Als dat niet werkt, stap dan de app geforceerd en wis de gegevens ervan."
    },
    {
      "title": "Ondertitels niet beschikbaar?",
      "description": "Dit is geen Vanced of YouTube gerelateerd probleem. Niet alle video's hebben ondertitels."
    },
    {
      "title": "Aanvaarden jullie giften?",
      "description": "Wij accepteren geen enkele gift!\n\nIedere vorm van giften/donaties, onder welke omstandigheden dan ook, en op elke site, link of post zijn vervalst.\n\nMaar als je de Vanced ontwikkelaars wil steunen, dan kan je Brave downloaden via [deze link](https://brave.com/kev231) en AdGuard via [deze link](https://adguard.com/en/welcome.html?aid=31141)."
    },
    {
      "title": "Hoe kan ik de lay-out van de speler automatisch verbergen?",
      "description": "Je kan dit configureren in YouTube Vanced > Instellingen > Toegankelijkheid. Als de instellingen niet openen of niet werken, ga dan naar de toegankelijkheidsinstellingen van jouw apparaat en schakel de functies Geluidsversterker, Toegang via schakelaar en Live ondertiteling uit."
    },
    {
      "title": "Waarom split APK's gebruiken?",
      "description": "Daarom:\n\n1. De standaard app gebruikt het, dus Vanced gebruikt het ook.\n2. Het installeert alleen de talen die je specificeert om het opslag verbruik te verminderen.\n3. Het heeft enkel de versie van de kern-APK die jouw apparaat nodig heeft.\n\nNatuurlijk kunnen de Vanced Manager ontwikkelaars het omzetten naar een normaal, enkel APK bestand, maar we zijn er te lui voor. Je moet verder met wat we hebben...\n\nMaar maak je geen zorgen, Vanced Manager doet al het harde werk voor je door te klikken op de knop 'Installeren'."
    },
    {
      "title": "Waarom komt de kleur van het start scherm niet overeen met het thema? ",
      "description": "De achtergrondkleur van het opstartscherm wordt uit de Android framework kleur gehaald om er zeker van te zijn dat deze wijzigt volgens jouw systeemthema. Je kan [Substratum](https://play.google.com/store/apps/details?id=projekt.substratum) of [Swift Installer](https://play.google.com/store/apps/details?id=com.brit.swiftinstaller) of een gelijkaardige app gebruiken om de kleur te veranderen."
    },
    {
      "title": "Moet ik de installatiebestanden opnieuw downloaden?",
      "description": "Bestanden kunnen om verschillende redenen beschadigd raken en kunnen daarna problemen veroorzaken. Om dit te voorkomen, kan je ervoor kiezen om deze opnieuw te downloaden om ervoor te zorgen dat de installatie soepel verloopt."
    },
    {
      "title": "Waarom heeft de root versie geen microfoon rechten? ",
      "description": "Dat heeft het wel als jouw Vanced up-to-date is."
    },
    {
      "title": "Wat is ExoPlayer v1?",
      "description": "Het is een oudere versie van de huidige mediaspeler die door YouTube wordt gebruikt. Je kan soms betere prestaties en stabiliteit krijgen wanneer je die gebruikt."
    },
    {
      "title": "Hoe verborgen instellingen inschakelen?",
      "description": "In Vanced instellingen klik je 6-7 keer op de sectie \"Over\" om dit in te schakelen. Dit schakelt enkel extra video codec instellingen in."
    },
    {
      "title": "Hoe stel je YouTube Vanced in als standaardapp?",
      "description": "Zoals de titel al zegt, hebben veel gebruikers vaak gevraagd hoe ze YouTube Vanced als standaard kunnen maken voor het openen van YouTube-links vanuit andere apps (zoals browsers, berichten-apps en elke andere app).\n\nVoor root hoef je je geen zorgen te maken, omdat het al standaard is ingesteld, omdat officiële YouTube wordt vervangen door YouTube vanced.\n\nVoor niet-root zijn oplossingen verdeeld voor OneUI, MIUI en de rest. We kunnen geen oplossingen bieden voor elk besturingssysteem dat er is, en het kan zijn dat u het zelf moet Googlen.",
      "fields": [
        {
          "title": "OneUI gebruikers:",
          "content": "1. Klik en hou het YouTube of YouTube Vanced app icoon ingedrukt\n2. Klik op **App info**.\n3. Zoek \"**Instellen als standaard**\" en klik erop\n4. Klik op \"**Ondersteunde links openen**\" en kies \"**Openen in deze app**\"\n\nIn oudere versies van OneUI kan de naam van de opties in de 4e stap verschillend zijn. Mogelijk moet je klikken op \"**Ga naar de ondersteunde URLs**\" en \"**In deze app**\" optie kiezen.\nIn de zeer oudere versie van OneUI 💩 moet je mogelijk naar **Instellingen** > **Apps** > *[tik drie punten aan de rechterhoek]* > **Standaard apps** > **Instellen als standaard**. Nadat alle apps geladen zijn, zoek je YouTube Vanced of YouTube en volg de 4e stap..."
        },
        {
          "title": "MIUI gebruikers:",
          "content": "1. Open Instellingen\n2. Ga naar **Apps**\n3. **Apps beheren**\n4. Klik vervolgens op de drie stippen in de rechterhoek\n5. **Standaard apps**,\n6. **Links openen**\n7. Wacht tot al jouw apps opgelijst zijn…\n8. Zoek YouTube of YouTube Vanced en klik erop\n9. Klik op \"**Openen ondersteunde links**\" en kies \"**Openen**"
        },
        {
          "title": "AOSP & andere aangepaste UI's (OOS, ColorOS, EMUI, etc.):",
          "content": "1. Open **Instellingen**\n2. Ga naar **Apps**\n3. Klik op **Standaard apps**\n4. Zoek **YouTube** of **YouTube Vanced**\n5. Klik op \"**Ga naar ondersteunde URLs**\" en kies \"**Openen in deze app**\"\n\nAls je hiermee nog steeds problemen hebt, moet je misschien wat \"hoe\" artikelen/video's zoeken op [Google](https://www.google.com/search?q=%22android%22+how+to+open+youtube+links+with+youtube) of kan je een app van een derde partij installeren vanuit [Play Store](https://play.google.com/store/search?q=open%20with) om je dit gedoe te besparen."
        }
      ]
    },
    {
      "title": "Waarom werkt de rootvariant niet met de microG core? ",
      "description": "1. Je moet in ieder geval de [pico] versie van GApps (https://github.com/opengapps/opengapps/wiki/Pico-Package) hebben om Vanced te gebruiken.\n\n2. Je kan Vanced niet laten werken met microG Core, omdat het Google Play Services Framework nodig heeft, dat beschikbaar is in alle GApps pakketten.\n\n3. Als je je zorgen maakt over jouw privacy en GApps niet wil gebruiken, maar YouTube wil kijken zonder advertenties, dan is de [web versie](https://youtube.com) nog steeds beschikbaar."
    },
    {
      "title": "Waarom werkt casten niet?",
      "description": "Voor gebruikers met v16.16.38 en hogere versies niet-rootvarianten en rootvarianten die microG-gebaseerde ROM's gebruiken, is er een fout in upstream microG. Wacht tot dat is opgelost op updates of ga terug naar v15-versies. Als je Google Play Services met rootvarianten gebruikt, heb je geen problemen met casten."
    },
    {
      "title": "Wat is een APK handtekening?",
      "description": "Je leest dit omdat je Vanced Manager niet gebruikt of omdat je mogelijk Vanced hebt geïnstalleerd vanuit een onofficiële bron. \nGebruik enkel Vanced Manager!\n\nJe kan Vanced Manager veilig downloaden van:\n- [Officiële site](https://vancedapp.com) \n- [GitHub repository](https://github.com/YTVanced/VancedManager/releases/latest)"
    },
    {
      "title": "Is YouTube Vanced beschikbaar in de Play Store?",
      "description": "NEE!\nNogmaals, installeer geen app's of zoek niet naar app's met de naam \"YouTube Vanced\" of iets gelijkaardig in de Play Store of in andere appwinkels.\n\n[Vanced Gids](https://play.google.com/store/apps/details?id=com.vanced.faq) is de enige officiële app die we in de Play Store hebben gepubliceerd.\n\nAls je een andere app met ons pictogram en/of onze naam vindt, rapporteer deze dan als imitatie en geef deze een slechte beoordeling.\n\nOnze apps kunnen alleen gevonden worden op [Officiële site](https://vancedapp.com)."
    },
    {
      "title": "Waarom wordt Vanced niet weergegeven op het startscherm of het app overzicht?",
      "description": "Je leest dit omdat je Vanced Manager niet gebruikt of omdat je mogelijk Vanced hebt geïnstalleerd vanuit een onofficiële bron. \nGebruik enkel Vanced Manager!\n\nJe kan Vanced Manager veilig downloaden van:\n- Officiële site <https://vancedapp.com> \n- [GitHub repository](https://github.com/YTVanced/VancedManager/releases/latest)"
    },
    {
      "title": "Waarom worden geen video's afgespeeld?",
      "description": "Probeer de app opnieuw te starten. Dit kan ook vanwege je internetverbinding of je apparaat."
    },
    {
      "title": "Waarom heb ik een limiet van 480p?",
      "description": "Vanwege COVID-19 beperkt Google het gegevensgebruik in verschillende landen. Dit gebeurt op de server en heeft invloed op zowel Vanced als de standaard YouTube-gebruikers.",
      "fields": [
        {
          "title": "Tussenoplossingen:",
          "content": "1. Verbind met een VPN van een andere regio.\n2. Gebruik de [webversie](https://youtube.com)\n3. Aangezien de 480p-beperking enkel van toepassing is op mobiele apparaten en niet op tablets, kan je het model van jouw apparaat in YouTube Vanced wijzigen om de beperking te omzeilen.\n\n#### Hoe het apparaatmodel wijzigen?\n1. Open YouTube Vanced.\n2. Schakel aanvullende opties in \n  1. Ga naar Instellingen\n  2. Klik op Vanced instellingen\n  3. Klik op de \"Over\" sectie totdat er een bericht verschijnt dat verborgen instellingen zijn ingeschakeld.\n3. Ga naar Codec overschrijven en stel model in op \"SM-T865\" en apparaat op \"Samsung\".\n4. Herstart de app en de limiet van 480p moet normaliter verwijderd zijn."
        }
      ]
    },
    {
      "title": "Hoe Vanced microG meldingen verbergen?",
      "description": "Om microG meldingen te verbergen:\n\n1. De batterijoptimalisatie voor Vanced microG uitschakelen en je apparaat opnieuw opstarten.\n\n2. Als die methode niet werkt, schakel dan microG meldingen uit door de notificatie ingedrukt te houden, ze uit te schakelen en te bewaren.\n\n>Het uitschakelen van app meldingen kan op verschillende manieren gebeuren, afhankelijk van de Android gebruikersinterface. Als je niet weet hoe je dit moet uitschakelen, probeer dan via Google te zoeken hoe je dit moet uitschakelen."
    },
    {
      "title": "Ziet 1440p er beter uit op mijn 1080p scherm?",
      "description": "Ja, maar alleen bij een videoverhouding van 18:9, 21:9, ... Je kan `Statistieken voor nerds` inschakelen in Instellingen > Algemeen om het te bevestigen.\n\nOm hogere resoluties in te schakelen, ga naar Vanced instellingen > Video instellingen en schakel \"Maximale resolutie\" in en herstart de app."
    }
  ]
}
