{
  "data": [
    {
      "title": "Como reportar erros?",
      "description": "Você pode relatar erros usando nosso [gerenciador de problemas do GitHub](https://github.com/YTVanced/Vanced)\n\nCertifique-se de dar uma olhada nos problemas já reportados e verifique se seu problema já foi reportado antes de relatar erros!",
      "fields": [
        {
          "title": "Quando meu bug será revisado?",
          "content": "Os desenvolvedores poupam seu tempo para criar novos recursos e corrigir vários problemas e cada um pode levar um tempo para terminar. \nVocê apenas precisa se sentar e esperar. Seu problema será revisado o mais rápido possível."
        },
        {
          "title": "Como eu faço um logcat?",
          "content": "Para usuários sem root:\nVocê precisará de um PC para obter a saída do `logcat`. Aqui está um [guia de texto (em Inglês)](https://telegra.ph/Bug-Reports-10-17#Method-1:--Needs-a-pc/laptop-with-adb-installed.) e um [guia de vídeo](https://youtu.e/ICLpwgsJP0).\n\nPara usuários com root:\nVocê não precisa de um PC para isso. Você pode seguir essas instruções [aqui (em Inglês)](https://telegra.ph/Bug-Reports-10-17#Method-2:--Using-logcat-reader-apps(Need-root))."
        },
        {
          "title": "Seu erro é relacionado a interface?",
          "content": "Para erros relacionados à interface, você terá passos extras a dar.\n\nPor favor, instale e configure o [Developer Assistant](https://play.google.com/store/apps/details?id=com.appsisle.developerassistant).\nDepois disso, vá para Vanced e reproduza o erro, então abra o visualizador de layout ativando o Assistente de Desenvolvedor.\n\nAgora siga estes passos:\n1. Certifique-se de que o erro esteja exibindo na tela.\n2. Toque no elemento que você acha que é afetado pelo erro.\n3. Vá para as guias `Element` e `Hierarchy` e captura a tela de saída.\n4. Inclua essas capturas de tela no seu problema."
        }
      ]
    }
  ]
}
