{
  "data": [
    {
      "title": "Hur man rapporterar buggar",
      "description": "Du kan rapportera buggar med vår [GitHub issue tracker](https://github. om/YTVanced/Vanced)\n\n**Se till att läsa README och kontrollera om ditt fel redan är rapporterat innan du rapporterar fel!**",
      "fields": [
        {
          "title": "När kommer min bugg att granskas?",
          "content": "Din beställning skickas så snart som möjligt."
        },
        {
          "title": "Hur gör jag en logcat?",
          "content": "For non-root users:\nYou will need a PC to take `logcat` outputs. Here is a [text guide](https://github.com/YTVanced/Vanced#creating-a-logcat-using-the-android-debug-bridge-adb-on-your-pc) and a [video guide](https://youtu.be/ICLpwgsJJP0).\n\nFor root users:\nYou don't need a PC for this, please follow [the instructions](https://github.com/YTVanced/Vanced#creating-a-logcat-using-termux-on-your-rooted-android)."
        },
        {
          "title": "Ert fel är UI relaterat?",
          "content": "För UI-relaterade buggar, kommer du att ha extra steg att ta.\n\nInstallera och installera [Developer Assistant](https://play.google.com/store/apps/details?id=com. ppsisle.developerassistant).\nEfter det, gå till Vanced och återskapa felet, öppna sedan Layout-tittaren genom att utlösa utvecklarassistenten.\n\nFölj nu dessa steg:\n1. Se till att felet visas på skärmen.\n2. Tryck på det element som du tror påverkas av felet.\n3. Gå till flikarna `Element` och `Hierarchy` och skärmdump utgångarna.\n4. Inkludera dessa skärmdumpar i ditt problem."
        }
      ]
    }
  ]
}
